capture,2025-05-23 14:48:32,2,{"bohungdo": 2},captures/detect_2025-05-23_14-48-32_capture.jpg
capture,2025-05-23 14:49:06,1,{"bohungdo": 1},captures/detect_2025-05-23_14-49-06_capture.jpg
1,2025-05-23 14:49:16,1,{"bohungdo": 1},captures/detect_2025-05-23_14-49-16_1.jpg
2,2025-05-23 14:49:17,2,{"bohungdo": 2},captures/detect_2025-05-23_14-49-17_2.jpg
3,2025-05-23 14:49:18,1,{"bohungdo": 1},captures/detect_2025-05-23_14-49-18_3.jpg
4,2025-05-23 14:49:20,2,{"bohungdo": 2},captures/detect_2025-05-23_14-49-20_4.jpg
5,2025-05-23 14:49:21,2,{"bohungdo": 2},captures/detect_2025-05-23_14-49-21_5.jpg
6,2025-05-23 14:49:22,2,{"bohungdo": 2},captures/detect_2025-05-23_14-49-22_6.jpg
7,2025-05-23 14:49:24,2,{"bohungdo": 2},captures/detect_2025-05-23_14-49-24_7.jpg
8,2025-05-23 14:49:25,3,{"bohungdo": 2, "boanhsang": 1},captures/detect_2025-05-23_14-49-25_8.jpg
9,2025-05-23 14:49:27,2,{"bohungdo": 2},captures/detect_2025-05-23_14-49-27_9.jpg
10,2025-05-23 14:49:28,1,{"bohungdo": 1},captures/detect_2025-05-23_14-49-28_10.jpg
11,2025-05-23 14:49:29,1,{"bohungdo": 1},captures/detect_2025-05-23_14-49-29_11.jpg
12,2025-05-23 14:49:31,2,{"bohungdo": 2},captures/detect_2025-05-23_14-49-31_12.jpg
13,2025-05-23 14:49:32,2,{"bohungdo": 1, "boanhsang": 1},captures/detect_2025-05-23_14-49-32_13.jpg
14,2025-05-23 14:49:33,3,{"bohungdo": 2, "boanhsang": 1},captures/detect_2025-05-23_14-49-33_14.jpg
15,2025-05-23 14:49:35,0,{},captures/detect_2025-05-23_14-49-35_15.jpg
16,2025-05-23 14:49:36,0,{},captures/detect_2025-05-23_14-49-36_16.jpg
17,2025-05-23 14:49:38,0,{},captures/detect_2025-05-23_14-49-38_17.jpg
18,2025-05-23 14:49:39,1,{"boanhsang": 1},captures/detect_2025-05-23_14-49-39_18.jpg
19,2025-05-23 14:49:40,1,{"bohungdo": 1},captures/detect_2025-05-23_14-49-40_19.jpg
20,2025-05-23 14:49:42,1,{"boanhsang": 1},captures/detect_2025-05-23_14-49-42_20.jpg
21,2025-05-23 14:49:43,1,{"boanhsang": 1},captures/detect_2025-05-23_14-49-43_21.jpg
22,2025-05-23 14:49:45,1,{"boanhsang": 1},captures/detect_2025-05-23_14-49-45_22.jpg
23,2025-05-23 14:49:46,1,{"boanhsang": 1},captures/detect_2025-05-23_14-49-46_23.jpg
24,2025-05-23 14:49:47,1,{"bohungdo": 1},captures/detect_2025-05-23_14-49-47_24.jpg
25,2025-05-23 14:49:49,2,{"bohungdo": 1, "boanhsang": 1},captures/detect_2025-05-23_14-49-49_25.jpg
capture,2025-05-23 14:49:55,2,{"bohungdo": 2},captures/detect_2025-05-23_14-49-55_capture.jpg
capture,2025-05-23 14:49:58,2,{"bohungdo": 2},captures/detect_2025-05-23_14-49-58_capture.jpg
capture,2025-05-23 14:50:00,1,{"bohungdo": 1},captures/detect_2025-05-23_14-50-00_capture.jpg
capture,2025-05-23 14:52:38,1,{"bohungdo": 1},captures/detect_2025-05-23_14-52-38_capture.jpg
1,2025-05-23 14:52:43,1,{"bohungdo": 1},captures/detect_2025-05-23_14-52-43_1.jpg
2,2025-05-23 14:52:44,1,{"bohungdo": 1},captures/detect_2025-05-23_14-52-44_2.jpg
3,2025-05-23 14:52:45,1,{"bohungdo": 1},captures/detect_2025-05-23_14-52-45_3.jpg
4,2025-05-23 14:52:47,1,{"bohungdo": 1},captures/detect_2025-05-23_14-52-47_4.jpg
5,2025-05-23 14:52:48,1,{"bohungdo": 1},captures/detect_2025-05-23_14-52-48_5.jpg
6,2025-05-23 14:52:50,1,{"bohungdo": 1},captures/detect_2025-05-23_14-52-50_6.jpg
7,2025-05-23 14:52:51,2,{"boanhsang": 2},captures/detect_2025-05-23_14-52-51_7.jpg
8,2025-05-23 14:52:52,1,{"boanhsang": 1},captures/detect_2025-05-23_14-52-52_8.jpg
9,2025-05-23 14:52:54,2,{"boanhsang": 2},captures/detect_2025-05-23_14-52-54_9.jpg
10,2025-05-23 14:52:55,1,{"boanhsang": 1},captures/detect_2025-05-23_14-52-55_10.jpg
11,2025-05-23 14:52:56,2,{"boanhsang": 2},captures/detect_2025-05-23_14-52-56_11.jpg
12,2025-05-23 14:52:58,1,{"boanhsang": 1},captures/detect_2025-05-23_14-52-58_12.jpg
13,2025-05-23 14:53:00,2,{"boanhsang": 2},captures/detect_2025-05-23_14-53-00_13.jpg
14,2025-05-23 14:53:01,2,{"boanhsang": 2},captures/detect_2025-05-23_14-53-01_14.jpg
15,2025-05-23 14:53:02,3,{"boanhsang": 2, "bohungdo": 1},captures/detect_2025-05-23_14-53-02_15.jpg
16,2025-05-23 14:53:05,1,{"boanhsang": 1},captures/detect_2025-05-23_14-53-05_16.jpg
17,2025-05-23 14:53:06,1,{"borua": 1},captures/detect_2025-05-23_14-53-06_17.jpg
18,2025-05-23 14:53:08,2,{"boanhsang": 1, "bohungdo": 1},captures/detect_2025-05-23_14-53-08_18.jpg
19,2025-05-23 14:53:09,1,{"bohungdo": 1},captures/detect_2025-05-23_14-53-09_19.jpg
20,2025-05-23 14:53:10,2,{"bohungdo": 1, "boanhsang": 1},captures/detect_2025-05-23_14-53-10_20.jpg
1,2025-05-23 14:54:04,0,{},captures/detect_2025-05-23_14-54-04_1.jpg
2,2025-05-23 14:54:05,0,{},captures/detect_2025-05-23_14-54-05_2.jpg
3,2025-05-23 14:54:07,0,{},captures/detect_2025-05-23_14-54-07_3.jpg
4,2025-05-23 14:54:08,0,{},captures/detect_2025-05-23_14-54-08_4.jpg
5,2025-05-23 14:54:09,0,{},captures/detect_2025-05-23_14-54-09_5.jpg
6,2025-05-23 14:54:11,0,{},captures/detect_2025-05-23_14-54-11_6.jpg
7,2025-05-23 14:54:12,2,{"ongvang": 1, "chauchau": 1},captures/detect_2025-05-23_14-54-12_7.jpg
8,2025-05-23 14:54:14,1,{"boxit": 1},captures/detect_2025-05-23_14-54-14_8.jpg
9,2025-05-23 14:54:16,2,{"boxit": 1, "ongvang": 1},captures/detect_2025-05-23_14-54-16_9.jpg
10,2025-05-23 14:54:17,3,{"boxit": 1, "ongvang": 2},captures/detect_2025-05-23_14-54-17_10.jpg
11,2025-05-23 14:54:19,2,{"ongvang": 1, "borua": 1},captures/detect_2025-05-23_14-54-19_11.jpg
12,2025-05-23 14:54:20,2,{"ongvang": 1, "borua": 1},captures/detect_2025-05-23_14-54-20_12.jpg
13,2025-05-23 14:54:22,2,{"ongvang": 1, "borua": 1},captures/detect_2025-05-23_14-54-22_13.jpg
14,2025-05-23 14:54:23,3,{"ongvang": 2, "borua": 1},captures/detect_2025-05-23_14-54-23_14.jpg
15,2025-05-23 14:54:24,0,{},captures/detect_2025-05-23_14-54-24_15.jpg
16,2025-05-23 14:54:26,4,{"ongvang": 3, "borua": 1},captures/detect_2025-05-23_14-54-26_16.jpg
17,2025-05-23 14:54:27,1,{"ongvang": 1},captures/detect_2025-05-23_14-54-27_17.jpg
18,2025-05-23 14:54:29,1,{"ongvang": 1},captures/detect_2025-05-23_14-54-29_18.jpg
19,2025-05-23 14:54:30,1,{"boxit": 1},captures/detect_2025-05-23_14-54-30_19.jpg
20,2025-05-23 14:54:31,1,{"boxit": 1},captures/detect_2025-05-23_14-54-31_20.jpg
21,2025-05-23 14:54:33,2,{"chauchau": 1, "boxit": 1},captures/detect_2025-05-23_14-54-33_21.jpg
22,2025-05-23 14:54:34,4,{"chauchau": 1, "boxit": 1, "ongvang": 2},captures/detect_2025-05-23_14-54-34_22.jpg
23,2025-05-23 14:54:37,2,{"chauchau": 1, "ongvang": 1},captures/detect_2025-05-23_14-54-37_23.jpg
24,2025-05-23 14:54:38,2,{"chauchau": 1, "borua": 1},captures/detect_2025-05-23_14-54-38_24.jpg
25,2025-05-23 14:54:39,5,{"chauchau": 1, "borua": 2, "ongvang": 2},captures/detect_2025-05-23_14-54-39_25.jpg
26,2025-05-23 14:54:41,2,{"bohungdo": 2},captures/detect_2025-05-23_14-54-41_26.jpg
27,2025-05-23 14:54:42,1,{"ongvang": 1},captures/detect_2025-05-23_14-54-42_27.jpg
28,2025-05-23 14:54:44,4,{"ongvang": 1, "bohungdo": 2, "bonguala": 1},captures/detect_2025-05-23_14-54-44_28.jpg
29,2025-05-23 14:54:45,3,{"ongvang": 2, "bonguala": 1},captures/detect_2025-05-23_14-54-45_29.jpg
30,2025-05-23 14:54:46,1,{"ongvang": 1},captures/detect_2025-05-23_14-54-46_30.jpg
31,2025-05-23 14:54:48,1,{"borua": 1},captures/detect_2025-05-23_14-54-48_31.jpg
32,2025-05-23 14:54:49,4,{"bonguala": 1, "borua": 1, "boanhsang": 1, "bohungdo": 1},captures/detect_2025-05-23_14-54-49_32.jpg
33,2025-05-23 14:54:51,2,{"borua": 1, "bohungdo": 1},captures/detect_2025-05-23_14-54-51_33.jpg
34,2025-05-23 14:54:52,1,{"borua": 1},captures/detect_2025-05-23_14-54-52_34.jpg
35,2025-05-23 14:54:53,1,{"bohungdo": 1},captures/detect_2025-05-23_14-54-53_35.jpg
36,2025-05-23 14:54:55,0,{},captures/detect_2025-05-23_14-54-55_36.jpg
37,2025-05-23 14:54:56,0,{},captures/detect_2025-05-23_14-54-56_37.jpg
38,2025-05-23 14:54:58,1,{"ongvang": 1},captures/detect_2025-05-23_14-54-58_38.jpg
39,2025-05-23 14:54:59,2,{"boxit": 1, "bohungdo": 1},captures/detect_2025-05-23_14-54-59_39.jpg
40,2025-05-23 14:55:00,2,{"boxit": 1, "bohungdo": 1},captures/detect_2025-05-23_14-55-00_40.jpg
41,2025-05-23 14:55:02,2,{"ongvang": 1, "bohungdo": 1},captures/detect_2025-05-23_14-55-02_41.jpg
42,2025-05-23 14:55:03,0,{},captures/detect_2025-05-23_14-55-03_42.jpg
43,2025-05-23 14:55:05,1,{"bohungdo": 1},captures/detect_2025-05-23_14-55-05_43.jpg
44,2025-05-23 14:55:06,2,{"ongvang": 1, "bohungdo": 1},captures/detect_2025-05-23_14-55-06_44.jpg
45,2025-05-23 14:55:08,1,{"ongvang": 1},captures/detect_2025-05-23_14-55-08_45.jpg
46,2025-05-23 14:55:09,0,{},captures/detect_2025-05-23_14-55-09_46.jpg
47,2025-05-23 14:55:10,3,{"boxit": 1, "bohungdo": 2},captures/detect_2025-05-23_14-55-10_47.jpg
48,2025-05-23 14:55:12,2,{"boxit": 1, "bohungdo": 1},captures/detect_2025-05-23_14-55-12_48.jpg
49,2025-05-23 14:55:13,2,{"boxit": 1, "borua": 1},captures/detect_2025-05-23_14-55-13_49.jpg
50,2025-05-23 14:55:15,2,{"borua": 1, "ongvang": 1},captures/detect_2025-05-23_14-55-15_50.jpg
51,2025-05-23 14:55:16,2,{"borua": 1, "bonguala": 1},captures/detect_2025-05-23_14-55-16_51.jpg
52,2025-05-23 14:55:18,2,{"bonguala": 1, "borua": 1},captures/detect_2025-05-23_14-55-18_52.jpg
capture,2025-05-23 14:55:24,3,{"borua": 1, "bohungdo": 2},captures/detect_2025-05-23_14-55-24_capture.jpg
1,2025-05-23 14:55:29,3,{"borua": 1, "bohungdo": 1, "boanhsang": 1},captures/detect_2025-05-23_14-55-29_1.jpg
2,2025-05-23 14:55:30,4,{"borua": 2, "bohungdo": 1, "boanhsang": 1},captures/detect_2025-05-23_14-55-30_2.jpg
3,2025-05-23 14:55:32,3,{"borua": 1, "boanhsang": 1, "bohungdo": 1},captures/detect_2025-05-23_14-55-32_3.jpg
4,2025-05-23 14:55:33,3,{"borua": 2, "bohungdo": 1},captures/detect_2025-05-23_14-55-33_4.jpg
5,2025-05-23 14:55:35,2,{"borua": 1, "boanhsang": 1},captures/detect_2025-05-23_14-55-35_5.jpg
6,2025-05-23 14:55:36,1,{"ongvang": 1},captures/detect_2025-05-23_14-55-36_6.jpg
7,2025-05-23 14:55:38,3,{"bonguala": 1, "borua": 2},captures/detect_2025-05-23_14-55-38_7.jpg
8,2025-05-23 14:55:39,1,{"bonguala": 1},captures/detect_2025-05-23_14-55-39_8.jpg
9,2025-05-23 14:55:41,3,{"bonguala": 2, "bohungdo": 1},captures/detect_2025-05-23_14-55-41_9.jpg
10,2025-05-23 14:55:42,1,{"boxit": 1},captures/detect_2025-05-23_14-55-42_10.jpg
11,2025-05-23 14:55:43,2,{"ongvang": 1, "boxit": 1},captures/detect_2025-05-23_14-55-43_11.jpg
12,2025-05-23 14:55:45,3,{"ongvang": 1, "boxit": 1, "chauchau": 1},captures/detect_2025-05-23_14-55-45_12.jpg
13,2025-05-23 14:55:46,3,{"ongvang": 1, "bohungdo": 1, "boxit": 1},captures/detect_2025-05-23_14-55-46_13.jpg
14,2025-05-23 14:55:48,1,{"ongvang": 1},captures/detect_2025-05-23_14-55-48_14.jpg
15,2025-05-23 14:55:49,0,{},captures/detect_2025-05-23_14-55-49_15.jpg
16,2025-05-23 14:55:51,0,{},captures/detect_2025-05-23_14-55-51_16.jpg
17,2025-05-23 14:55:52,0,{},captures/detect_2025-05-23_14-55-52_17.jpg
18,2025-05-23 14:55:53,1,{"bohungdo": 1},captures/detect_2025-05-23_14-55-53_18.jpg
19,2025-05-23 14:55:55,2,{"bohungdo": 1, "borua": 1},captures/detect_2025-05-23_14-55-55_19.jpg
20,2025-05-23 14:55:56,3,{"ongvang": 1, "borua": 2},captures/detect_2025-05-23_14-55-56_20.jpg
21,2025-05-23 14:55:58,3,{"ongvang": 1, "bonguala": 1, "bohungdo": 1},captures/detect_2025-05-23_14-55-58_21.jpg
22,2025-05-23 14:55:59,5,{"ongvang": 1, "bonguala": 1, "borua": 2, "bohungdo": 1},captures/detect_2025-05-23_14-55-59_22.jpg
23,2025-05-23 14:56:00,4,{"ongvang": 1, "borua": 1, "bonguala": 2},captures/detect_2025-05-23_14-56-00_23.jpg
24,2025-05-23 14:56:02,4,{"ongvang": 1, "chauchau": 1, "borua": 1, "bonguala": 1},captures/detect_2025-05-23_14-56-02_24.jpg
25,2025-05-23 14:56:03,4,{"chauchau": 1, "borua": 1, "ongvang": 1, "bohungdo": 1},captures/detect_2025-05-23_14-56-03_25.jpg
26,2025-05-23 14:56:05,2,{"borua": 1, "chauchau": 1},captures/detect_2025-05-23_14-56-05_26.jpg
27,2025-05-23 14:56:07,2,{"boxit": 1, "ongvang": 1},captures/detect_2025-05-23_14-56-07_27.jpg
28,2025-05-23 14:56:08,1,{"boxit": 1},captures/detect_2025-05-23_14-56-08_28.jpg
29,2025-05-23 14:56:09,1,{"boxit": 1},captures/detect_2025-05-23_14-56-09_29.jpg
30,2025-05-23 14:56:11,2,{"ongvang": 1, "bonguala": 1},captures/detect_2025-05-23_14-56-11_30.jpg
31,2025-05-23 14:56:12,0,{},captures/detect_2025-05-23_14-56-12_31.jpg
32,2025-05-23 14:56:14,0,{},captures/detect_2025-05-23_14-56-14_32.jpg
33,2025-05-23 14:56:15,0,{},captures/detect_2025-05-23_14-56-15_33.jpg
34,2025-05-23 14:56:17,2,{"bohungdo": 2},captures/detect_2025-05-23_14-56-17_34.jpg
1,2025-05-23 14:56:27,0,{},captures/detect_2025-05-23_14-56-27_1.jpg
2,2025-05-23 14:56:30,1,{"bohungdo": 1},captures/detect_2025-05-23_14-56-30_2.jpg
3,2025-05-23 14:56:31,1,{"bohungdo": 1},captures/detect_2025-05-23_14-56-31_3.jpg
4,2025-05-23 14:56:32,0,{},captures/detect_2025-05-23_14-56-32_4.jpg
5,2025-05-23 14:56:34,0,{},captures/detect_2025-05-23_14-56-34_5.jpg
6,2025-05-23 14:56:36,1,{"borua": 1},captures/detect_2025-05-23_14-56-36_6.jpg
7,2025-05-23 14:56:37,1,{"borua": 1},captures/detect_2025-05-23_14-56-37_7.jpg
8,2025-05-23 14:56:39,1,{"bohungdo": 1},captures/detect_2025-05-23_14-56-39_8.jpg
9,2025-05-23 14:56:40,3,{"boxit": 1, "ongvang": 2},captures/detect_2025-05-23_14-56-40_9.jpg
10,2025-05-23 14:56:42,4,{"boxit": 1, "ongvang": 1, "borua": 1, "boanhsang": 1},captures/detect_2025-05-23_14-56-42_10.jpg
11,2025-05-23 14:56:43,3,{"ongvang": 2, "borua": 1},captures/detect_2025-05-23_14-56-43_11.jpg
12,2025-05-23 14:56:44,5,{"ongvang": 5},captures/detect_2025-05-23_14-56-44_12.jpg
13,2025-05-23 14:56:46,4,{"ongvang": 2, "boxit": 1, "bonguala": 1},captures/detect_2025-05-23_14-56-46_13.jpg
14,2025-05-23 14:56:47,4,{"borua": 4},captures/detect_2025-05-23_14-56-47_14.jpg
15,2025-05-23 14:56:48,6,{"borua": 5, "boanhsang": 1},captures/detect_2025-05-23_14-56-48_15.jpg
16,2025-05-23 14:56:50,6,{"chauchau": 1, "boanhsang": 1, "bohungdo": 1, "borua": 1, "ongvang": 2},captures/detect_2025-05-23_14-56-50_16.jpg
17,2025-05-23 14:56:52,5,{"chauchau": 1, "borua": 2, "boanhsang": 1, "bohungdo": 1},captures/detect_2025-05-23_14-56-52_17.jpg
18,2025-05-23 14:56:53,2,{"chauchau": 1, "boxit": 1},captures/detect_2025-05-23_14-56-53_18.jpg
19,2025-05-23 14:56:55,4,{"boxit": 1, "ongvang": 1, "borua": 2},captures/detect_2025-05-23_14-56-55_19.jpg
20,2025-05-23 14:56:56,2,{"ongvang": 2},captures/detect_2025-05-23_14-56-56_20.jpg
21,2025-05-23 14:56:57,1,{"ongvang": 1},captures/detect_2025-05-23_14-56-57_21.jpg
22,2025-05-23 14:56:59,1,{"bohungdo": 1},captures/detect_2025-05-23_14-56-59_22.jpg
23,2025-05-23 14:57:00,1,{"bohungdo": 1},captures/detect_2025-05-23_14-57-00_23.jpg
24,2025-05-23 14:57:02,1,{"bohungdo": 1},captures/detect_2025-05-23_14-57-02_24.jpg
25,2025-05-23 14:57:03,1,{"borua": 1},captures/detect_2025-05-23_14-57-03_25.jpg
26,2025-05-23 14:57:04,0,{},captures/detect_2025-05-23_14-57-04_26.jpg
capture,2025-05-23 14:57:29,1,{"bohungdo": 1},captures/detect_2025-05-23_14-57-29_capture.jpg
capture,2025-05-23 14:57:35,1,{"bohungdo": 1},captures/detect_2025-05-23_14-57-35_capture.jpg
capture,2025-05-23 15:05:59,2,{"borua": 1, "bohungdo": 1},captures/detect_2025-05-23_15-05-59_capture.jpg
capture,2025-05-23 15:06:02,3,{"borua": 1, "ongvang": 1, "bohungdo": 1},captures/detect_2025-05-23_15-06-02_capture.jpg
1,2025-05-23 15:06:04,3,{"borua": 2, "bohungdo": 1},captures/detect_2025-05-23_15-06-04_1.jpg
2,2025-05-23 15:06:05,3,{"borua": 2, "bohungdo": 1},captures/detect_2025-05-23_15-06-05_2.jpg
1,2025-05-23 15:09:57,2,{"borua": 1, "ongvang": 1},captures/detect_2025-05-23_15-09-57_1.jpg
2,2025-05-23 15:09:58,3,{"borua": 1, "ongvang": 1, "bohungdo": 1},captures/detect_2025-05-23_15-09-58_2.jpg
capture,2025-05-23 15:13:25,1,{"borua": 1},captures/detect_2025-05-23_15-13-25_capture.jpg
capture,2025-05-23 15:13:28,2,{"borua": 2},captures/detect_2025-05-23_15-13-28_capture.jpg
capture,2025-05-23 15:13:30,3,{"borua": 2, "ongvang": 1},captures/detect_2025-05-23_15-13-30_capture.jpg
capture,2025-05-23 15:13:38,2,{"borua": 2},captures/detect_2025-05-23_15-13-38_capture.jpg
capture,2025-05-23 15:13:42,3,{"borua": 3},captures/detect_2025-05-23_15-13-42_capture.jpg
capture,2025-05-23 15:13:44,2,{"borua": 1, "bohungdo": 1},captures/detect_2025-05-23_15-13-44_capture.jpg
capture,2025-05-23 15:17:06,1,{"borua": 1},captures/detect_2025-05-23_15-17-06_capture.jpg
capture,2025-05-23 15:17:09,1,{"borua": 1},captures/detect_2025-05-23_15-17-09_capture.jpg
capture,2025-05-23 15:17:14,1,{"borua": 1},captures/detect_2025-05-23_15-17-14_capture.jpg
capture,2025-05-23 15:17:18,2,{"borua": 2},captures/detect_2025-05-23_15-17-18_capture.jpg
capture,2025-05-23 15:17:21,2,{"borua": 1, "bohungdo": 1},captures/detect_2025-05-23_15-17-21_capture.jpg
capture,2025-05-23 15:17:24,2,{"borua": 2},captures/detect_2025-05-23_15-17-24_capture.jpg
capture,2025-05-23 15:17:26,1,{"borua": 1},captures/detect_2025-05-23_15-17-26_capture.jpg
capture,2025-05-23 15:17:28,2,{"borua": 2},captures/detect_2025-05-23_15-17-28_capture.jpg
capture,2025-05-23 15:18:46,1,{"borua": 1},captures/detect_2025-05-23_15-18-46_capture.jpg
capture,2025-05-23 15:18:49,1,{"borua": 1},captures/detect_2025-05-23_15-18-49_capture.jpg
capture,2025-05-23 15:18:51,3,{"borua": 2, "ongvang": 1},captures/detect_2025-05-23_15-18-51_capture.jpg
capture,2025-05-23 15:18:59,2,{"borua": 2},captures/detect_2025-05-23_15-18-59_capture.jpg
capture,2025-05-23 15:19:04,1,{"borua": 1},captures/detect_2025-05-23_15-19-04_capture.jpg
capture,2025-05-23 15:19:08,3,{"borua": 3},captures/detect_2025-05-23_15-19-08_capture.jpg
capture,2025-05-23 15:24:05,1,{"borua": 1},captures/detect_2025-05-23_15-24-05_capture.jpg
capture,2025-05-23 15:31:44,6,{"borua": 3, "bohungdo": 1, "ongvang": 2},captures/detect_2025-05-23_15-31-44_capture.jpg
capture,2025-05-23 15:31:47,3,{"borua": 2, "ongvang": 1},captures/detect_2025-05-23_15-31-47_capture.jpg
1,2025-05-23 15:31:52,4,{"bohungdo": 2, "borua": 2},captures/detect_2025-05-23_15-31-52_1.jpg
capture,2025-05-23 15:45:05,3,{"ongvang": 1, "borua": 2},captures/detect_2025-05-23_15-45-05_capture.jpg
capture,2025-05-23 15:45:19,2,{"ongvang": 2},captures/detect_2025-05-23_15-45-19_capture.jpg
capture,2025-05-23 15:45:26,4,{"ongvang": 1, "bohungdo": 1, "borua": 2},captures/detect_2025-05-23_15-45-26_capture.jpg
capture,2025-05-23 15:45:29,2,{"ongvang": 1, "borua": 1},captures/detect_2025-05-23_15-45-29_capture.jpg
capture,2025-05-23 15:45:37,3,{"ongvang": 2, "borua": 1},captures/detect_2025-05-23_15-45-37_capture.jpg
capture,2025-05-23 15:50:57,1,{"ongvang": 1},captures/detect_2025-05-23_15-50-57_capture.jpg
1,2025-05-23 15:51:42,2,{"ongvang": 1, "bohungdo": 1},captures/detect_2025-05-23_15-51-42_1.jpg
2,2025-05-23 15:51:43,2,{"ongvang": 1, "bohungdo": 1},captures/detect_2025-05-23_15-51-43_2.jpg
3,2025-05-23 15:51:45,3,{"ongvang": 1, "bohungdo": 2},captures/detect_2025-05-23_15-51-45_3.jpg
4,2025-05-23 15:51:46,1,{"ongvang": 1},captures/detect_2025-05-23_15-51-46_4.jpg
5,2025-05-23 15:51:47,2,{"ongvang": 1, "bohungdo": 1},captures/detect_2025-05-23_15-51-47_5.jpg
6,2025-05-23 15:51:49,1,{"ongvang": 1},captures/detect_2025-05-23_15-51-49_6.jpg
7,2025-05-23 15:51:50,1,{"ongvang": 1},captures/detect_2025-05-23_15-51-50_7.jpg
8,2025-05-23 15:51:52,1,{"ongvang": 1},captures/detect_2025-05-23_15-51-52_8.jpg
9,2025-05-23 15:51:53,1,{"ongvang": 1},captures/detect_2025-05-23_15-51-53_9.jpg
10,2025-05-23 15:51:56,1,{"ongvang": 1},captures/detect_2025-05-23_15-51-56_10.jpg
11,2025-05-23 15:51:58,1,{"ongvang": 1},captures/detect_2025-05-23_15-51-58_11.jpg
12,2025-05-23 15:51:59,1,{"ongvang": 1},captures/detect_2025-05-23_15-51-59_12.jpg
13,2025-05-23 15:52:00,1,{"ongvang": 1},captures/detect_2025-05-23_15-52-00_13.jpg
14,2025-05-23 15:52:02,1,{"ongvang": 1},captures/detect_2025-05-23_15-52-02_14.jpg
15,2025-05-23 15:52:03,1,{"ongvang": 1},captures/detect_2025-05-23_15-52-03_15.jpg
16,2025-05-23 15:52:04,1,{"ongvang": 1},captures/detect_2025-05-23_15-52-04_16.jpg
17,2025-05-23 15:52:06,1,{"ongvang": 1},captures/detect_2025-05-23_15-52-06_17.jpg
18,2025-05-23 15:52:07,1,{"ongvang": 1},captures/detect_2025-05-23_15-52-07_18.jpg
capture,2025-05-23 15:57:17,2,{"ongvang": 1, "borua": 1},captures/detect_2025-05-23_15-57-17_capture.jpg
capture,2025-05-23 15:57:19,2,{"ongvang": 1, "bohungdo": 1},captures/detect_2025-05-23_15-57-19_capture.jpg
capture,2025-05-23 15:57:21,2,{"ongvang": 1, "borua": 1},captures/detect_2025-05-23_15-57-21_capture.jpg
1,2025-05-23 15:58:34,3,{"ongvang": 1, "bohungdo": 1, "borua": 1},captures/detect_2025-05-23_15-58-34_1.jpg
2,2025-05-23 15:58:35,3,{"ongvang": 1, "bohungdo": 1, "borua": 1},captures/detect_2025-05-23_15-58-35_2.jpg
3,2025-05-23 15:58:36,3,{"ongvang": 1, "bohungdo": 1, "borua": 1},captures/detect_2025-05-23_15-58-36_3.jpg
4,2025-05-23 15:58:38,3,{"ongvang": 1, "bohungdo": 1, "borua": 1},captures/detect_2025-05-23_15-58-38_4.jpg
5,2025-05-23 15:58:40,3,{"ongvang": 1, "borua": 1, "bohungdo": 1},captures/detect_2025-05-23_15-58-40_5.jpg
6,2025-05-23 15:58:41,1,{"ongvang": 1},captures/detect_2025-05-23_15-58-41_6.jpg
7,2025-05-23 15:58:43,0,{},captures/detect_2025-05-23_15-58-43_7.jpg
8,2025-05-23 15:58:44,0,{},captures/detect_2025-05-23_15-58-44_8.jpg
9,2025-05-23 15:58:45,0,{},captures/detect_2025-05-23_15-58-45_9.jpg
10,2025-05-23 15:58:47,0,{},captures/detect_2025-05-23_15-58-47_10.jpg
11,2025-05-23 15:58:48,2,{"ongvang": 1, "bohungdo": 1},captures/detect_2025-05-23_15-58-48_11.jpg
12,2025-05-23 15:58:50,0,{},captures/detect_2025-05-23_15-58-50_12.jpg
13,2025-05-23 15:58:51,0,{},captures/detect_2025-05-23_15-58-51_13.jpg
14,2025-05-23 15:58:53,1,{"bohungdo": 1},captures/detect_2025-05-23_15-58-53_14.jpg
15,2025-05-23 15:58:54,1,{"borua": 1},captures/detect_2025-05-23_15-58-54_15.jpg
16,2025-05-23 15:58:56,2,{"bohungdo": 1, "borua": 1},captures/detect_2025-05-23_15-58-56_16.jpg
17,2025-05-23 15:58:57,1,{"bohungdo": 1},captures/detect_2025-05-23_15-58-57_17.jpg
18,2025-05-23 15:58:59,1,{"bohungdo": 1},captures/detect_2025-05-23_15-58-59_18.jpg
19,2025-05-23 15:59:00,0,{},captures/detect_2025-05-23_15-59-00_19.jpg
20,2025-05-23 15:59:01,1,{"bohungdo": 1},captures/detect_2025-05-23_15-59-01_20.jpg
21,2025-05-23 15:59:03,0,{},captures/detect_2025-05-23_15-59-03_21.jpg
22,2025-05-23 15:59:04,0,{},captures/detect_2025-05-23_15-59-04_22.jpg
23,2025-05-23 15:59:06,0,{},captures/detect_2025-05-23_15-59-06_23.jpg
24,2025-05-23 15:59:07,0,{},captures/detect_2025-05-23_15-59-07_24.jpg
25,2025-05-23 15:59:09,1,{"bohungdo": 1},captures/detect_2025-05-23_15-59-09_25.jpg
26,2025-05-23 15:59:10,0,{},captures/detect_2025-05-23_15-59-10_26.jpg
27,2025-05-23 15:59:12,1,{"bohungdo": 1},captures/detect_2025-05-23_15-59-12_27.jpg
28,2025-05-23 15:59:13,0,{},captures/detect_2025-05-23_15-59-13_28.jpg
29,2025-05-23 15:59:15,0,{},captures/detect_2025-05-23_15-59-15_29.jpg
30,2025-05-23 15:59:16,1,{"bohungdo": 1},captures/detect_2025-05-23_15-59-16_30.jpg
31,2025-05-23 15:59:17,0,{},captures/detect_2025-05-23_15-59-17_31.jpg
32,2025-05-23 15:59:19,1,{"bohungdo": 1},captures/detect_2025-05-23_15-59-19_32.jpg
33,2025-05-23 15:59:20,0,{},captures/detect_2025-05-23_15-59-20_33.jpg
34,2025-05-23 15:59:21,0,{},captures/detect_2025-05-23_15-59-21_34.jpg
35,2025-05-23 15:59:23,1,{"bohungdo": 1},captures/detect_2025-05-23_15-59-23_35.jpg
36,2025-05-23 15:59:25,1,{"bohungdo": 1},captures/detect_2025-05-23_15-59-25_36.jpg
37,2025-05-23 15:59:26,0,{},captures/detect_2025-05-23_15-59-26_37.jpg
38,2025-05-23 15:59:28,1,{"bohungdo": 1},captures/detect_2025-05-23_15-59-28_38.jpg
39,2025-05-23 15:59:29,0,{},captures/detect_2025-05-23_15-59-29_39.jpg
40,2025-05-23 15:59:30,1,{"bohungdo": 1},captures/detect_2025-05-23_15-59-30_40.jpg
41,2025-05-23 15:59:32,1,{"bohungdo": 1},captures/detect_2025-05-23_15-59-32_41.jpg
42,2025-05-23 15:59:33,1,{"bohungdo": 1},captures/detect_2025-05-23_15-59-33_42.jpg
43,2025-05-23 15:59:35,1,{"bohungdo": 1},captures/detect_2025-05-23_15-59-35_43.jpg
44,2025-05-23 15:59:36,1,{"bohungdo": 1},captures/detect_2025-05-23_15-59-36_44.jpg
45,2025-05-23 15:59:37,2,{"bohungdo": 2},captures/detect_2025-05-23_15-59-37_45.jpg
46,2025-05-23 15:59:39,1,{"bohungdo": 1},captures/detect_2025-05-23_15-59-39_46.jpg
47,2025-05-23 15:59:41,2,{"bohungdo": 2},captures/detect_2025-05-23_15-59-41_47.jpg
48,2025-05-23 15:59:42,0,{},captures/detect_2025-05-23_15-59-42_48.jpg
49,2025-05-23 15:59:43,1,{"bohungdo": 1},captures/detect_2025-05-23_15-59-43_49.jpg
50,2025-05-23 15:59:45,1,{"bohungdo": 1},captures/detect_2025-05-23_15-59-45_50.jpg
51,2025-05-23 15:59:46,2,{"bohungdo": 2},captures/detect_2025-05-23_15-59-46_51.jpg
52,2025-05-23 15:59:47,1,{"bohungdo": 1},captures/detect_2025-05-23_15-59-47_52.jpg
53,2025-05-23 15:59:49,2,{"bohungdo": 2},captures/detect_2025-05-23_15-59-49_53.jpg
54,2025-05-23 15:59:50,2,{"bohungdo": 2},captures/detect_2025-05-23_15-59-50_54.jpg
55,2025-05-23 15:59:52,1,{"bohungdo": 1},captures/detect_2025-05-23_15-59-52_55.jpg
56,2025-05-23 15:59:54,2,{"bohungdo": 2},captures/detect_2025-05-23_15-59-54_56.jpg
57,2025-05-23 15:59:56,1,{"bohungdo": 1},captures/detect_2025-05-23_15-59-56_57.jpg
58,2025-05-23 15:59:57,1,{"bohungdo": 1},captures/detect_2025-05-23_15-59-57_58.jpg
59,2025-05-23 15:59:58,0,{},captures/detect_2025-05-23_15-59-58_59.jpg
60,2025-05-23 16:00:00,1,{"bohungdo": 1},captures/detect_2025-05-23_16-00-00_60.jpg
61,2025-05-23 16:00:01,2,{"bohungdo": 2},captures/detect_2025-05-23_16-00-01_61.jpg
62,2025-05-23 16:00:02,1,{"bohungdo": 1},captures/detect_2025-05-23_16-00-02_62.jpg
63,2025-05-23 16:00:04,3,{"bohungdo": 2, "borua": 1},captures/detect_2025-05-23_16-00-04_63.jpg
64,2025-05-23 16:00:05,2,{"bohungdo": 2},captures/detect_2025-05-23_16-00-05_64.jpg
65,2025-05-23 16:00:07,2,{"bohungdo": 2},captures/detect_2025-05-23_16-00-07_65.jpg
66,2025-05-23 16:00:09,2,{"bohungdo": 2},captures/detect_2025-05-23_16-00-09_66.jpg
67,2025-05-23 16:00:10,1,{"bohungdo": 1},captures/detect_2025-05-23_16-00-10_67.jpg
68,2025-05-23 16:00:12,2,{"bohungdo": 2},captures/detect_2025-05-23_16-00-12_68.jpg
69,2025-05-23 16:00:13,2,{"bohungdo": 2},captures/detect_2025-05-23_16-00-13_69.jpg
70,2025-05-23 16:00:15,3,{"bohungdo": 2, "borua": 1},captures/detect_2025-05-23_16-00-15_70.jpg
71,2025-05-23 16:00:16,2,{"bohungdo": 2},captures/detect_2025-05-23_16-00-16_71.jpg
72,2025-05-23 16:00:17,1,{"bohungdo": 1},captures/detect_2025-05-23_16-00-17_72.jpg
73,2025-05-23 16:00:19,1,{"bohungdo": 1},captures/detect_2025-05-23_16-00-19_73.jpg
74,2025-05-23 16:00:20,1,{"bohungdo": 1},captures/detect_2025-05-23_16-00-20_74.jpg
75,2025-05-23 16:00:21,0,{},captures/detect_2025-05-23_16-00-21_75.jpg
76,2025-05-23 16:00:23,1,{"bohungdo": 1},captures/detect_2025-05-23_16-00-23_76.jpg
77,2025-05-23 16:00:25,1,{"bohungdo": 1},captures/detect_2025-05-23_16-00-25_77.jpg
78,2025-05-23 16:00:26,0,{},captures/detect_2025-05-23_16-00-26_78.jpg
79,2025-05-23 16:00:28,1,{"bohungdo": 1},captures/detect_2025-05-23_16-00-28_79.jpg
80,2025-05-23 16:00:29,1,{"bohungdo": 1},captures/detect_2025-05-23_16-00-29_80.jpg
81,2025-05-23 16:00:30,0,{},captures/detect_2025-05-23_16-00-30_81.jpg
82,2025-05-23 16:00:32,0,{},captures/detect_2025-05-23_16-00-32_82.jpg
83,2025-05-23 16:00:33,0,{},captures/detect_2025-05-23_16-00-33_83.jpg
84,2025-05-23 16:00:34,1,{"bohungdo": 1},captures/detect_2025-05-23_16-00-34_84.jpg
85,2025-05-23 16:00:36,1,{"bohungdo": 1},captures/detect_2025-05-23_16-00-36_85.jpg
86,2025-05-23 16:00:37,1,{"bohungdo": 1},captures/detect_2025-05-23_16-00-37_86.jpg
87,2025-05-23 16:00:39,1,{"bohungdo": 1},captures/detect_2025-05-23_16-00-39_87.jpg
88,2025-05-23 16:00:41,0,{},captures/detect_2025-05-23_16-00-41_88.jpg
89,2025-05-23 16:00:42,1,{"bohungdo": 1},captures/detect_2025-05-23_16-00-42_89.jpg
90,2025-05-23 16:00:43,1,{"bohungdo": 1},captures/detect_2025-05-23_16-00-43_90.jpg
91,2025-05-23 16:00:45,0,{},captures/detect_2025-05-23_16-00-45_91.jpg
92,2025-05-23 16:00:46,0,{},captures/detect_2025-05-23_16-00-46_92.jpg
93,2025-05-23 16:00:47,1,{"bohungdo": 1},captures/detect_2025-05-23_16-00-47_93.jpg
94,2025-05-23 16:00:49,0,{},captures/detect_2025-05-23_16-00-49_94.jpg
95,2025-05-23 16:00:50,1,{"bohungdo": 1},captures/detect_2025-05-23_16-00-50_95.jpg
96,2025-05-23 16:00:51,1,{"bohungdo": 1},captures/detect_2025-05-23_16-00-51_96.jpg
97,2025-05-23 16:00:53,0,{},captures/detect_2025-05-23_16-00-53_97.jpg
98,2025-05-23 16:00:55,0,{},captures/detect_2025-05-23_16-00-55_98.jpg
99,2025-05-23 16:00:56,0,{},captures/detect_2025-05-23_16-00-56_99.jpg
100,2025-05-23 16:00:58,1,{"bohungdo": 1},captures/detect_2025-05-23_16-00-58_100.jpg
101,2025-05-23 16:00:59,0,{},captures/detect_2025-05-23_16-00-59_101.jpg
102,2025-05-23 16:01:01,1,{"bohungdo": 1},captures/detect_2025-05-23_16-01-01_102.jpg
103,2025-05-23 16:01:02,1,{"bohungdo": 1},captures/detect_2025-05-23_16-01-02_103.jpg
104,2025-05-23 16:01:03,1,{"bohungdo": 1},captures/detect_2025-05-23_16-01-03_104.jpg
105,2025-05-23 16:01:05,0,{},captures/detect_2025-05-23_16-01-05_105.jpg
106,2025-05-23 16:01:06,0,{},captures/detect_2025-05-23_16-01-06_106.jpg
107,2025-05-23 16:01:07,1,{"bohungdo": 1},captures/detect_2025-05-23_16-01-07_107.jpg
108,2025-05-23 16:01:09,1,{"bohungdo": 1},captures/detect_2025-05-23_16-01-09_108.jpg
109,2025-05-23 16:01:11,1,{"bohungdo": 1},captures/detect_2025-05-23_16-01-11_109.jpg
110,2025-05-23 16:01:12,0,{},captures/detect_2025-05-23_16-01-12_110.jpg
111,2025-05-23 16:01:13,1,{"bohungdo": 1},captures/detect_2025-05-23_16-01-13_111.jpg
112,2025-05-23 16:01:15,0,{},captures/detect_2025-05-23_16-01-15_112.jpg
113,2025-05-23 16:01:16,0,{},captures/detect_2025-05-23_16-01-16_113.jpg
114,2025-05-23 16:01:18,2,{"bohungdo": 2},captures/detect_2025-05-23_16-01-18_114.jpg
115,2025-05-23 16:01:19,1,{"bohungdo": 1},captures/detect_2025-05-23_16-01-19_115.jpg
116,2025-05-23 16:01:20,0,{},captures/detect_2025-05-23_16-01-20_116.jpg
117,2025-05-23 16:01:22,0,{},captures/detect_2025-05-23_16-01-22_117.jpg
118,2025-05-23 16:01:25,0,{},captures/detect_2025-05-23_16-01-25_118.jpg
119,2025-05-23 16:01:26,0,{},captures/detect_2025-05-23_16-01-26_119.jpg
120,2025-05-23 16:01:27,0,{},captures/detect_2025-05-23_16-01-27_120.jpg
121,2025-05-23 16:01:29,0,{},captures/detect_2025-05-23_16-01-29_121.jpg
122,2025-05-23 16:01:30,0,{},captures/detect_2025-05-23_16-01-30_122.jpg
123,2025-05-23 16:01:31,0,{},captures/detect_2025-05-23_16-01-31_123.jpg
124,2025-05-23 16:01:33,0,{},captures/detect_2025-05-23_16-01-33_124.jpg
125,2025-05-23 16:01:35,0,{},captures/detect_2025-05-23_16-01-35_125.jpg
126,2025-05-23 16:01:37,0,{},captures/detect_2025-05-23_16-01-37_126.jpg
127,2025-05-23 16:01:38,0,{},captures/detect_2025-05-23_16-01-38_127.jpg
128,2025-05-23 16:01:40,0,{},captures/detect_2025-05-23_16-01-40_128.jpg
129,2025-05-23 16:01:42,0,{},captures/detect_2025-05-23_16-01-42_129.jpg
130,2025-05-23 16:01:43,1,{"ongvang": 1},captures/detect_2025-05-23_16-01-43_130.jpg
131,2025-05-23 16:01:44,0,{},captures/detect_2025-05-23_16-01-44_131.jpg
132,2025-05-23 16:01:46,0,{},captures/detect_2025-05-23_16-01-46_132.jpg
133,2025-05-23 16:01:47,0,{},captures/detect_2025-05-23_16-01-47_133.jpg
134,2025-05-23 16:01:48,0,{},captures/detect_2025-05-23_16-01-48_134.jpg
135,2025-05-23 16:01:50,0,{},captures/detect_2025-05-23_16-01-50_135.jpg
136,2025-05-23 16:01:51,1,{"bohungdo": 1},captures/detect_2025-05-23_16-01-51_136.jpg
137,2025-05-23 16:01:52,0,{},captures/detect_2025-05-23_16-01-52_137.jpg
138,2025-05-23 16:01:54,0,{},captures/detect_2025-05-23_16-01-54_138.jpg
139,2025-05-23 16:01:56,0,{},captures/detect_2025-05-23_16-01-56_139.jpg
140,2025-05-23 16:01:57,0,{},captures/detect_2025-05-23_16-01-57_140.jpg
141,2025-05-23 16:01:59,0,{},captures/detect_2025-05-23_16-01-59_141.jpg
142,2025-05-23 16:02:00,1,{"boanhsang": 1},captures/detect_2025-05-23_16-02-00_142.jpg
143,2025-05-23 16:02:01,0,{},captures/detect_2025-05-23_16-02-01_143.jpg
144,2025-05-23 16:02:03,0,{},captures/detect_2025-05-23_16-02-03_144.jpg
145,2025-05-23 16:02:04,0,{},captures/detect_2025-05-23_16-02-04_145.jpg
146,2025-05-23 16:02:06,0,{},captures/detect_2025-05-23_16-02-06_146.jpg
147,2025-05-23 16:02:07,0,{},captures/detect_2025-05-23_16-02-07_147.jpg
148,2025-05-23 16:02:09,2,{"borua": 1, "bohungdo": 1},captures/detect_2025-05-23_16-02-09_148.jpg
149,2025-05-23 16:02:10,0,{},captures/detect_2025-05-23_16-02-10_149.jpg
150,2025-05-23 16:02:12,3,{"bohungdo": 3},captures/detect_2025-05-23_16-02-12_150.jpg
151,2025-05-23 16:02:13,3,{"bohungdo": 3},captures/detect_2025-05-23_16-02-13_151.jpg
152,2025-05-23 16:02:14,3,{"bohungdo": 3},captures/detect_2025-05-23_16-02-14_152.jpg
153,2025-05-23 16:02:16,2,{"bohungdo": 2},captures/detect_2025-05-23_16-02-16_153.jpg
154,2025-05-23 16:02:17,2,{"bohungdo": 2},captures/detect_2025-05-23_16-02-17_154.jpg
155,2025-05-23 16:02:18,3,{"bohungdo": 3},captures/detect_2025-05-23_16-02-18_155.jpg
156,2025-05-23 16:02:20,3,{"bohungdo": 3},captures/detect_2025-05-23_16-02-20_156.jpg
157,2025-05-23 16:02:21,0,{},captures/detect_2025-05-23_16-02-21_157.jpg
158,2025-05-23 16:02:23,1,{"bohungdo": 1},captures/detect_2025-05-23_16-02-23_158.jpg
159,2025-05-23 16:02:24,1,{"bohungdo": 1},captures/detect_2025-05-23_16-02-24_159.jpg
160,2025-05-23 16:02:26,1,{"bohungdo": 1},captures/detect_2025-05-23_16-02-26_160.jpg
161,2025-05-23 16:02:27,1,{"bohungdo": 1},captures/detect_2025-05-23_16-02-27_161.jpg
162,2025-05-23 16:02:29,1,{"bohungdo": 1},captures/detect_2025-05-23_16-02-29_162.jpg
163,2025-05-23 16:02:30,1,{"bohungdo": 1},captures/detect_2025-05-23_16-02-30_163.jpg
164,2025-05-23 16:02:31,1,{"bohungdo": 1},captures/detect_2025-05-23_16-02-31_164.jpg
165,2025-05-23 16:02:33,1,{"bohungdo": 1},captures/detect_2025-05-23_16-02-33_165.jpg
166,2025-05-23 16:02:34,1,{"bohungdo": 1},captures/detect_2025-05-23_16-02-34_166.jpg
167,2025-05-23 16:02:35,1,{"bohungdo": 1},captures/detect_2025-05-23_16-02-35_167.jpg
168,2025-05-23 16:02:37,0,{},captures/detect_2025-05-23_16-02-37_168.jpg
1,2025-05-23 16:08:20,0,{},captures/detect_2025-05-23_16-08-20_1.jpg
2,2025-05-23 16:08:25,0,{},captures/detect_2025-05-23_16-08-25_2.jpg
3,2025-05-23 16:08:26,0,{},captures/detect_2025-05-23_16-08-26_3.jpg
4,2025-05-23 16:08:28,0,{},captures/detect_2025-05-23_16-08-28_4.jpg
5,2025-05-23 16:08:30,0,{},captures/detect_2025-05-23_16-08-30_5.jpg
6,2025-05-23 16:08:32,0,{},captures/detect_2025-05-23_16-08-32_6.jpg
7,2025-05-23 16:08:34,0,{},captures/detect_2025-05-23_16-08-34_7.jpg
8,2025-05-23 16:08:36,0,{},captures/detect_2025-05-23_16-08-36_8.jpg
9,2025-05-23 16:08:38,1,{"bohungdo": 1},captures/detect_2025-05-23_16-08-38_9.jpg
10,2025-05-23 16:08:40,1,{"bohungdo": 1},captures/detect_2025-05-23_16-08-40_10.jpg
11,2025-05-23 16:08:42,2,{"bohungdo": 1, "boxit": 1},captures/detect_2025-05-23_16-08-42_11.jpg
12,2025-05-23 16:08:44,1,{"bohungdo": 1},captures/detect_2025-05-23_16-08-44_12.jpg
13,2025-05-23 16:08:47,4,{"bohungdo": 4},captures/detect_2025-05-23_16-08-47_13.jpg
14,2025-05-23 16:08:49,2,{"bohungdo": 2},captures/detect_2025-05-23_16-08-49_14.jpg
15,2025-05-23 16:08:51,0,{},captures/detect_2025-05-23_16-08-51_15.jpg
16,2025-05-23 16:08:53,0,{},captures/detect_2025-05-23_16-08-53_16.jpg
17,2025-05-23 16:08:55,0,{},captures/detect_2025-05-23_16-08-55_17.jpg
18,2025-05-23 16:08:57,0,{},captures/detect_2025-05-23_16-08-57_18.jpg
19,2025-05-23 16:08:59,3,{"bonguala": 1, "boanhsang": 2},captures/detect_2025-05-23_16-08-59_19.jpg
20,2025-05-23 16:09:01,1,{"bohungdo": 1},captures/detect_2025-05-23_16-09-01_20.jpg
21,2025-05-23 16:09:03,1,{"bohungdo": 1},captures/detect_2025-05-23_16-09-03_21.jpg
22,2025-05-23 16:09:04,0,{},captures/detect_2025-05-23_16-09-04_22.jpg
23,2025-05-23 16:09:06,0,{},captures/detect_2025-05-23_16-09-06_23.jpg
24,2025-05-23 16:09:09,0,{},captures/detect_2025-05-23_16-09-09_24.jpg
25,2025-05-23 16:09:11,1,{"bohungdo": 1},captures/detect_2025-05-23_16-09-11_25.jpg
26,2025-05-23 16:09:13,1,{"bohungdo": 1},captures/detect_2025-05-23_16-09-13_26.jpg
27,2025-05-23 16:09:15,1,{"boanhsang": 1},captures/detect_2025-05-23_16-09-15_27.jpg
28,2025-05-23 16:09:17,1,{"bohungdo": 1},captures/detect_2025-05-23_16-09-17_28.jpg
29,2025-05-23 16:09:19,0,{},captures/detect_2025-05-23_16-09-19_29.jpg
30,2025-05-23 16:09:21,0,{},captures/detect_2025-05-23_16-09-21_30.jpg
31,2025-05-23 16:09:23,0,{},captures/detect_2025-05-23_16-09-23_31.jpg
32,2025-05-23 16:09:25,0,{},captures/detect_2025-05-23_16-09-25_32.jpg
33,2025-05-23 16:09:26,0,{},captures/detect_2025-05-23_16-09-26_33.jpg
34,2025-05-23 16:09:29,0,{},captures/detect_2025-05-23_16-09-29_34.jpg
35,2025-05-23 16:09:31,0,{},captures/detect_2025-05-23_16-09-31_35.jpg
36,2025-05-23 16:09:33,0,{},captures/detect_2025-05-23_16-09-33_36.jpg
37,2025-05-23 16:09:34,0,{},captures/detect_2025-05-23_16-09-34_37.jpg
38,2025-05-23 16:09:37,0,{},captures/detect_2025-05-23_16-09-37_38.jpg
39,2025-05-23 16:09:39,0,{},captures/detect_2025-05-23_16-09-39_39.jpg
capture,2025-05-23 16:11:40,0,{},captures/detect_2025-05-23_16-11-40_capture.jpg
1,2025-05-23 16:11:47,2,{"borua": 1, "bohungdo": 1},captures/detect_2025-05-23_16-11-47_1.jpg
2,2025-05-23 16:11:50,0,{},captures/detect_2025-05-23_16-11-50_2.jpg
3,2025-05-23 16:11:52,0,{},captures/detect_2025-05-23_16-11-52_3.jpg
4,2025-05-23 16:11:54,0,{},captures/detect_2025-05-23_16-11-54_4.jpg
5,2025-05-23 16:11:57,0,{},captures/detect_2025-05-23_16-11-57_5.jpg
6,2025-05-23 16:11:59,2,{"ongvang": 1, "bohungdo": 1},captures/detect_2025-05-23_16-11-59_6.jpg
7,2025-05-23 16:12:01,2,{"boanhsang": 1, "bohungdo": 1},captures/detect_2025-05-23_16-12-01_7.jpg
8,2025-05-23 16:12:03,0,{},captures/detect_2025-05-23_16-12-03_8.jpg
9,2025-05-23 16:12:06,0,{},captures/detect_2025-05-23_16-12-06_9.jpg
10,2025-05-23 16:12:08,0,{},captures/detect_2025-05-23_16-12-08_10.jpg
11,2025-05-23 16:12:10,0,{},captures/detect_2025-05-23_16-12-10_11.jpg
12,2025-05-23 16:12:12,1,{"bohungdo": 1},captures/detect_2025-05-23_16-12-12_12.jpg
13,2025-05-23 16:12:15,0,{},captures/detect_2025-05-23_16-12-15_13.jpg
14,2025-05-23 16:12:17,0,{},captures/detect_2025-05-23_16-12-17_14.jpg
15,2025-05-23 16:12:19,2,{"bohungdo": 2},captures/detect_2025-05-23_16-12-19_15.jpg
16,2025-05-23 16:12:21,1,{"bonguala": 1},captures/detect_2025-05-23_16-12-21_16.jpg
17,2025-05-23 16:12:24,1,{"borua": 1},captures/detect_2025-05-23_16-12-24_17.jpg
18,2025-05-23 16:12:26,0,{},captures/detect_2025-05-23_16-12-26_18.jpg
19,2025-05-23 16:12:28,1,{"bohungdo": 1},captures/detect_2025-05-23_16-12-28_19.jpg
20,2025-05-23 16:12:30,1,{"bohungdo": 1},captures/detect_2025-05-23_16-12-30_20.jpg
21,2025-05-23 16:12:32,1,{"bohungdo": 1},captures/detect_2025-05-23_16-12-32_21.jpg
22,2025-05-23 16:12:35,0,{},captures/detect_2025-05-23_16-12-35_22.jpg
23,2025-05-23 16:12:37,0,{},captures/detect_2025-05-23_16-12-37_23.jpg
24,2025-05-23 16:12:40,0,{},captures/detect_2025-05-23_16-12-40_24.jpg
25,2025-05-23 16:12:42,1,{"boanhsang": 1},captures/detect_2025-05-23_16-12-42_25.jpg
26,2025-05-23 16:12:44,0,{},captures/detect_2025-05-23_16-12-44_26.jpg
27,2025-05-23 16:12:46,0,{},captures/detect_2025-05-23_16-12-46_27.jpg
28,2025-05-23 16:12:48,0,{},captures/detect_2025-05-23_16-12-48_28.jpg
29,2025-05-23 16:12:52,0,{},captures/detect_2025-05-23_16-12-52_29.jpg
30,2025-05-23 16:12:55,0,{},captures/detect_2025-05-23_16-12-55_30.jpg
31,2025-05-23 16:12:58,0,{},captures/detect_2025-05-23_16-12-58_31.jpg
32,2025-05-23 16:13:01,0,{},captures/detect_2025-05-23_16-13-01_32.jpg
33,2025-05-23 16:13:05,0,{},captures/detect_2025-05-23_16-13-05_33.jpg
34,2025-05-23 16:13:08,0,{},captures/detect_2025-05-23_16-13-08_34.jpg
35,2025-05-23 16:13:11,0,{},captures/detect_2025-05-23_16-13-11_35.jpg
36,2025-05-23 16:13:14,0,{},captures/detect_2025-05-23_16-13-14_36.jpg
37,2025-05-23 16:13:17,0,{},captures/detect_2025-05-23_16-13-17_37.jpg
38,2025-05-23 16:13:21,0,{},captures/detect_2025-05-23_16-13-21_38.jpg
39,2025-05-23 16:13:24,0,{},captures/detect_2025-05-23_16-13-24_39.jpg
40,2025-05-23 16:13:28,0,{},captures/detect_2025-05-23_16-13-28_40.jpg
capture,2025-05-23 16:14:08,0,{},captures/detect_2025-05-23_16-14-08_capture.jpg
1,2025-05-23 16:18:33,0,{},captures/detect_2025-05-23_16-18-33_1.jpg
2,2025-05-23 16:18:39,0,{},captures/detect_2025-05-23_16-18-39_2.jpg
3,2025-05-23 16:18:42,0,{},captures/detect_2025-05-23_16-18-42_3.jpg
4,2025-05-23 16:18:46,0,{},captures/detect_2025-05-23_16-18-46_4.jpg
5,2025-05-23 16:18:49,0,{},captures/detect_2025-05-23_16-18-49_5.jpg
6,2025-05-23 16:18:52,0,{},captures/detect_2025-05-23_16-18-52_6.jpg
7,2025-05-23 16:18:55,2,{"ongvang": 1, "bonguala": 1},captures/detect_2025-05-23_16-18-55_7.jpg
8,2025-05-23 16:18:58,4,{"ongvang": 4},captures/detect_2025-05-23_16-18-58_8.jpg
9,2025-05-23 16:19:02,1,{"bonguala": 1},captures/detect_2025-05-23_16-19-02_9.jpg
10,2025-05-23 16:19:05,2,{"ongvang": 2},captures/detect_2025-05-23_16-19-05_10.jpg
11,2025-05-23 16:19:08,3,{"ongvang": 3},captures/detect_2025-05-23_16-19-08_11.jpg
12,2025-05-23 16:19:11,0,{},captures/detect_2025-05-23_16-19-11_12.jpg
13,2025-05-23 16:19:15,1,{"bonguala": 1},captures/detect_2025-05-23_16-19-15_13.jpg
14,2025-05-23 16:19:18,2,{"bonguala": 2},captures/detect_2025-05-23_16-19-18_14.jpg
15,2025-05-23 16:19:21,2,{"bonguala": 2},captures/detect_2025-05-23_16-19-21_15.jpg
16,2025-05-23 16:19:25,1,{"bonguala": 1},captures/detect_2025-05-23_16-19-25_16.jpg
17,2025-05-23 16:19:28,1,{"bonguala": 1},captures/detect_2025-05-23_16-19-28_17.jpg
18,2025-05-23 16:19:31,2,{"bonguala": 2},captures/detect_2025-05-23_16-19-31_18.jpg
19,2025-05-23 16:19:34,2,{"bonguala": 2},captures/detect_2025-05-23_16-19-34_19.jpg
20,2025-05-23 16:19:37,2,{"bonguala": 2},captures/detect_2025-05-23_16-19-37_20.jpg
21,2025-05-23 16:19:40,2,{"bonguala": 2},captures/detect_2025-05-23_16-19-40_21.jpg
22,2025-05-23 16:19:44,2,{"bonguala": 2},captures/detect_2025-05-23_16-19-44_22.jpg
23,2025-05-23 16:19:47,1,{"bonguala": 1},captures/detect_2025-05-23_16-19-47_23.jpg
24,2025-05-23 16:19:50,1,{"bonguala": 1},captures/detect_2025-05-23_16-19-50_24.jpg
25,2025-05-23 16:19:53,2,{"bonguala": 2},captures/detect_2025-05-23_16-19-53_25.jpg
26,2025-05-23 16:19:57,2,{"bonguala": 2},captures/detect_2025-05-23_16-19-57_26.jpg
27,2025-05-23 16:20:00,2,{"bonguala": 2},captures/detect_2025-05-23_16-20-00_27.jpg
28,2025-05-23 16:20:04,1,{"boanhsang": 1},captures/detect_2025-05-23_16-20-04_28.jpg
29,2025-05-23 16:20:07,2,{"bonguala": 2},captures/detect_2025-05-23_16-20-07_29.jpg
30,2025-05-23 16:20:10,2,{"bonguala": 2},captures/detect_2025-05-23_16-20-10_30.jpg
31,2025-05-23 16:20:13,2,{"bonguala": 2},captures/detect_2025-05-23_16-20-13_31.jpg
32,2025-05-23 16:20:18,2,{"bonguala": 2},captures/detect_2025-05-23_16-20-18_32.jpg
33,2025-05-23 16:20:21,2,{"bonguala": 2},captures/detect_2025-05-23_16-20-21_33.jpg
34,2025-05-23 16:20:24,2,{"bonguala": 2},captures/detect_2025-05-23_16-20-24_34.jpg
35,2025-05-23 16:20:28,2,{"bonguala": 2},captures/detect_2025-05-23_16-20-28_35.jpg
1,2025-05-23 16:20:41,0,{},captures/detect_2025-05-23_16-20-41_1.jpg
2,2025-05-23 16:20:46,3,{"ongvang": 3},captures/detect_2025-05-23_16-20-46_2.jpg
3,2025-05-23 16:20:49,2,{"ongvang": 2},captures/detect_2025-05-23_16-20-49_3.jpg
4,2025-05-23 16:20:52,1,{"ongvang": 1},captures/detect_2025-05-23_16-20-52_4.jpg
5,2025-05-23 16:20:55,3,{"bohungdo": 2, "ongvang": 1},captures/detect_2025-05-23_16-20-55_5.jpg
6,2025-05-23 16:20:58,2,{"ongvang": 1, "bohungdo": 1},captures/detect_2025-05-23_16-20-58_6.jpg
7,2025-05-23 16:21:01,0,{},captures/detect_2025-05-23_16-21-01_7.jpg
8,2025-05-23 16:21:05,1,{"boxit": 1},captures/detect_2025-05-23_16-21-05_8.jpg
9,2025-05-23 16:21:08,1,{"boxit": 1},captures/detect_2025-05-23_16-21-08_9.jpg
10,2025-05-23 16:21:11,1,{"boxit": 1},captures/detect_2025-05-23_16-21-11_10.jpg
11,2025-05-23 16:21:15,0,{},captures/detect_2025-05-23_16-21-15_11.jpg
12,2025-05-23 16:21:18,1,{"boxit": 1},captures/detect_2025-05-23_16-21-18_12.jpg
13,2025-05-23 16:21:21,1,{"boxit": 1},captures/detect_2025-05-23_16-21-21_13.jpg
14,2025-05-23 16:21:24,1,{"boxit": 1},captures/detect_2025-05-23_16-21-24_14.jpg
15,2025-05-23 16:21:27,1,{"boxit": 1},captures/detect_2025-05-23_16-21-27_15.jpg
16,2025-05-23 16:21:30,1,{"boxit": 1},captures/detect_2025-05-23_16-21-30_16.jpg
17,2025-05-23 16:21:34,0,{},captures/detect_2025-05-23_16-21-34_17.jpg
18,2025-05-23 16:21:37,0,{},captures/detect_2025-05-23_16-21-37_18.jpg
19,2025-05-23 16:21:41,1,{"boxit": 1},captures/detect_2025-05-23_16-21-41_19.jpg
20,2025-05-23 16:21:44,1,{"borua": 1},captures/detect_2025-05-23_16-21-44_20.jpg
21,2025-05-23 16:21:47,0,{},captures/detect_2025-05-23_16-21-47_21.jpg
22,2025-05-23 16:21:51,1,{"boxit": 1},captures/detect_2025-05-23_16-21-51_22.jpg
23,2025-05-23 16:21:54,1,{"borua": 1},captures/detect_2025-05-23_16-21-54_23.jpg
24,2025-05-23 16:21:57,1,{"borua": 1},captures/detect_2025-05-23_16-21-57_24.jpg
25,2025-05-23 16:22:01,1,{"borua": 1},captures/detect_2025-05-23_16-22-01_25.jpg
26,2025-05-23 16:22:04,1,{"borua": 1},captures/detect_2025-05-23_16-22-04_26.jpg
27,2025-05-23 16:22:08,1,{"borua": 1},captures/detect_2025-05-23_16-22-08_27.jpg
28,2025-05-23 16:22:11,1,{"borua": 1},captures/detect_2025-05-23_16-22-11_28.jpg
29,2025-05-23 16:22:14,1,{"borua": 1},captures/detect_2025-05-23_16-22-14_29.jpg
1,2025-05-23 16:22:26,0,{},captures/detect_2025-05-23_16-22-26_1.jpg
2,2025-05-23 16:22:31,1,{"borua": 1},captures/detect_2025-05-23_16-22-31_2.jpg
3,2025-05-23 16:22:35,1,{"borua": 1},captures/detect_2025-05-23_16-22-35_3.jpg
4,2025-05-23 16:22:38,1,{"borua": 1},captures/detect_2025-05-23_16-22-38_4.jpg
5,2025-05-23 16:22:42,0,{},captures/detect_2025-05-23_16-22-42_5.jpg
6,2025-05-23 16:22:45,0,{},captures/detect_2025-05-23_16-22-45_6.jpg
7,2025-05-23 16:22:49,0,{},captures/detect_2025-05-23_16-22-49_7.jpg
8,2025-05-23 16:22:52,2,{"boxit": 1, "borua": 1},captures/detect_2025-05-23_16-22-52_8.jpg
9,2025-05-23 16:22:56,1,{"borua": 1},captures/detect_2025-05-23_16-22-56_9.jpg
10,2025-05-23 16:22:59,0,{},captures/detect_2025-05-23_16-22-59_10.jpg
11,2025-05-23 16:23:02,0,{},captures/detect_2025-05-23_16-23-02_11.jpg
1,2025-05-23 16:23:14,0,{},captures/detect_2025-05-23_16-23-14_1.jpg
2,2025-05-23 16:23:18,0,{},captures/detect_2025-05-23_16-23-18_2.jpg
3,2025-05-23 16:23:21,2,{"ongvang": 2},captures/detect_2025-05-23_16-23-21_3.jpg
4,2025-05-23 16:23:25,1,{"bohungdo": 1},captures/detect_2025-05-23_16-23-25_4.jpg
5,2025-05-23 16:23:28,2,{"ongvang": 1, "bohungdo": 1},captures/detect_2025-05-23_16-23-28_5.jpg
6,2025-05-23 16:23:31,1,{"bohungdo": 1},captures/detect_2025-05-23_16-23-31_6.jpg
7,2025-05-23 16:23:34,0,{},captures/detect_2025-05-23_16-23-34_7.jpg
1,2025-05-23 16:24:28,0,{},captures/detect_2025-05-23_16-24-28_1.jpg
2,2025-05-23 16:24:32,0,{},captures/detect_2025-05-23_16-24-32_2.jpg
3,2025-05-23 16:24:35,2,{"ongvang": 2},captures/detect_2025-05-23_16-24-35_3.jpg
4,2025-05-23 16:24:39,0,{},captures/detect_2025-05-23_16-24-39_4.jpg
5,2025-05-23 16:24:43,1,{"ongvang": 1},captures/detect_2025-05-23_16-24-43_5.jpg
6,2025-05-23 16:24:47,0,{},captures/detect_2025-05-23_16-24-47_6.jpg
7,2025-05-23 16:24:50,2,{"ongvang": 1, "bohungdo": 1},captures/detect_2025-05-23_16-24-50_7.jpg
8,2025-05-23 16:24:53,0,{},captures/detect_2025-05-23_16-24-53_8.jpg
9,2025-05-23 16:24:56,2,{"ongvang": 1, "boxit": 1},captures/detect_2025-05-23_16-24-56_9.jpg
10,2025-05-23 16:24:59,2,{"ongvang": 1, "boxit": 1},captures/detect_2025-05-23_16-24-59_10.jpg
11,2025-05-23 16:25:02,2,{"ongvang": 1, "boxit": 1},captures/detect_2025-05-23_16-25-02_11.jpg
1,2025-05-23 16:25:14,1,{"ongvang": 1},captures/detect_2025-05-23_16-25-14_1.jpg
2,2025-05-23 16:25:19,0,{},captures/detect_2025-05-23_16-25-19_2.jpg
3,2025-05-23 16:25:22,2,{"bohungdo": 1, "ongvang": 1},captures/detect_2025-05-23_16-25-22_3.jpg
4,2025-05-23 16:25:25,1,{"ongvang": 1},captures/detect_2025-05-23_16-25-25_4.jpg
5,2025-05-23 16:25:28,2,{"ongvang": 1, "bohungdo": 1},captures/detect_2025-05-23_16-25-28_5.jpg
6,2025-05-23 16:25:32,1,{"ongvang": 1},captures/detect_2025-05-23_16-25-32_6.jpg
7,2025-05-23 16:25:35,0,{},captures/detect_2025-05-23_16-25-35_7.jpg
8,2025-05-23 16:25:38,1,{"ongvang": 1},captures/detect_2025-05-23_16-25-38_8.jpg
9,2025-05-23 16:25:41,2,{"ongvang": 1, "bohungdo": 1},captures/detect_2025-05-23_16-25-41_9.jpg
10,2025-05-23 16:25:45,2,{"ongvang": 2},captures/detect_2025-05-23_16-25-45_10.jpg
11,2025-05-23 16:25:48,2,{"ongvang": 2},captures/detect_2025-05-23_16-25-48_11.jpg
12,2025-05-23 16:25:51,1,{"bohungdo": 1},captures/detect_2025-05-23_16-25-51_12.jpg
13,2025-05-23 16:25:54,2,{"ongvang": 2},captures/detect_2025-05-23_16-25-54_13.jpg
14,2025-05-23 16:25:58,3,{"bohungdo": 1, "ongvang": 1, "bonguala": 1},captures/detect_2025-05-23_16-25-58_14.jpg
15,2025-05-23 16:26:01,1,{"bonguala": 1},captures/detect_2025-05-23_16-26-01_15.jpg
16,2025-05-23 16:26:04,0,{},captures/detect_2025-05-23_16-26-04_16.jpg
1,2025-05-23 16:27:31,4,{"bohungdo": 2, "ongvang": 2},captures/detect_2025-05-23_16-27-31_1.jpg
2,2025-05-23 16:27:34,3,{"ongvang": 1, "bohungdo": 2},captures/detect_2025-05-23_16-27-34_2.jpg
3,2025-05-23 16:27:37,2,{"bohungdo": 2},captures/detect_2025-05-23_16-27-37_3.jpg
4,2025-05-23 16:27:40,2,{"bohungdo": 2},captures/detect_2025-05-23_16-27-40_4.jpg
5,2025-05-23 16:27:43,1,{"bohungdo": 1},captures/detect_2025-05-23_16-27-43_5.jpg
6,2025-05-23 16:27:46,2,{"ongvang": 1, "borua": 1},captures/detect_2025-05-23_16-27-46_6.jpg
7,2025-05-23 16:27:50,1,{"ongvang": 1},captures/detect_2025-05-23_16-27-50_7.jpg
8,2025-05-23 16:27:53,2,{"ongvang": 1, "borua": 1},captures/detect_2025-05-23_16-27-53_8.jpg
9,2025-05-23 16:27:56,1,{"ongvang": 1},captures/detect_2025-05-23_16-27-56_9.jpg
10,2025-05-23 16:27:59,2,{"ongvang": 1, "borua": 1},captures/detect_2025-05-23_16-27-59_10.jpg
11,2025-05-23 16:28:02,2,{"ongvang": 1, "borua": 1},captures/detect_2025-05-23_16-28-02_11.jpg
12,2025-05-23 16:28:05,2,{"ongvang": 1, "borua": 1},captures/detect_2025-05-23_16-28-05_12.jpg
13,2025-05-23 16:28:09,3,{"ongvang": 1, "borua": 1, "bonguala": 1},captures/detect_2025-05-23_16-28-09_13.jpg
14,2025-05-23 16:28:12,1,{"ongvang": 1},captures/detect_2025-05-23_16-28-12_14.jpg
15,2025-05-23 16:28:15,2,{"ongvang": 1, "borua": 1},captures/detect_2025-05-23_16-28-15_15.jpg
16,2025-05-23 16:28:18,1,{"ongvang": 1},captures/detect_2025-05-23_16-28-18_16.jpg
17,2025-05-23 16:28:22,2,{"ongvang": 1, "borua": 1},captures/detect_2025-05-23_16-28-22_17.jpg
18,2025-05-23 16:28:25,1,{"ongvang": 1},captures/detect_2025-05-23_16-28-25_18.jpg
19,2025-05-23 16:28:28,2,{"ongvang": 1, "borua": 1},captures/detect_2025-05-23_16-28-28_19.jpg
20,2025-05-23 16:28:31,2,{"ongvang": 1, "borua": 1},captures/detect_2025-05-23_16-28-31_20.jpg
21,2025-05-23 16:28:34,2,{"ongvang": 1, "borua": 1},captures/detect_2025-05-23_16-28-34_21.jpg
22,2025-05-23 16:28:37,2,{"ongvang": 1, "borua": 1},captures/detect_2025-05-23_16-28-37_22.jpg
23,2025-05-23 16:28:41,2,{"ongvang": 1, "borua": 1},captures/detect_2025-05-23_16-28-41_23.jpg
24,2025-05-23 16:28:44,2,{"ongvang": 1, "borua": 1},captures/detect_2025-05-23_16-28-44_24.jpg
25,2025-05-23 16:28:47,1,{"ongvang": 1},captures/detect_2025-05-23_16-28-47_25.jpg
26,2025-05-23 16:28:50,2,{"ongvang": 1, "borua": 1},captures/detect_2025-05-23_16-28-50_26.jpg
27,2025-05-23 16:28:54,2,{"ongvang": 1, "borua": 1},captures/detect_2025-05-23_16-28-54_27.jpg
28,2025-05-23 16:28:57,1,{"ongvang": 1},captures/detect_2025-05-23_16-28-57_28.jpg
29,2025-05-23 16:29:00,3,{"ongvang": 1, "borua": 1, "bonguala": 1},captures/detect_2025-05-23_16-29-00_29.jpg
30,2025-05-23 16:29:03,1,{"ongvang": 1},captures/detect_2025-05-23_16-29-03_30.jpg
31,2025-05-23 16:29:06,1,{"ongvang": 1},captures/detect_2025-05-23_16-29-06_31.jpg
32,2025-05-23 16:29:10,1,{"ongvang": 1},captures/detect_2025-05-23_16-29-10_32.jpg
33,2025-05-23 16:29:13,1,{"ongvang": 1},captures/detect_2025-05-23_16-29-13_33.jpg
34,2025-05-23 16:29:16,1,{"ongvang": 1},captures/detect_2025-05-23_16-29-16_34.jpg
35,2025-05-23 16:29:19,1,{"ongvang": 1},captures/detect_2025-05-23_16-29-19_35.jpg
36,2025-05-23 16:29:22,1,{"ongvang": 1},captures/detect_2025-05-23_16-29-22_36.jpg
37,2025-05-23 16:29:25,1,{"ongvang": 1},captures/detect_2025-05-23_16-29-25_37.jpg
38,2025-05-23 16:29:29,1,{"ongvang": 1},captures/detect_2025-05-23_16-29-29_38.jpg
39,2025-05-23 16:29:32,1,{"ongvang": 1},captures/detect_2025-05-23_16-29-32_39.jpg
40,2025-05-23 16:29:35,1,{"ongvang": 1},captures/detect_2025-05-23_16-29-35_40.jpg
41,2025-05-23 16:29:38,1,{"ongvang": 1},captures/detect_2025-05-23_16-29-38_41.jpg
42,2025-05-23 16:29:42,1,{"ongvang": 1},captures/detect_2025-05-23_16-29-42_42.jpg
43,2025-05-23 16:29:45,1,{"ongvang": 1},captures/detect_2025-05-23_16-29-45_43.jpg
44,2025-05-23 16:29:48,1,{"ongvang": 1},captures/detect_2025-05-23_16-29-48_44.jpg
45,2025-05-23 16:29:51,2,{"ongvang": 1, "borua": 1},captures/detect_2025-05-23_16-29-51_45.jpg
46,2025-05-23 16:29:55,1,{"ongvang": 1},captures/detect_2025-05-23_16-29-55_46.jpg
47,2025-05-23 16:29:58,1,{"ongvang": 1},captures/detect_2025-05-23_16-29-58_47.jpg
48,2025-05-23 16:30:01,2,{"ongvang": 1, "borua": 1},captures/detect_2025-05-23_16-30-01_48.jpg
49,2025-05-23 16:30:04,1,{"ongvang": 1},captures/detect_2025-05-23_16-30-04_49.jpg
50,2025-05-23 16:30:07,1,{"ongvang": 1},captures/detect_2025-05-23_16-30-07_50.jpg
51,2025-05-23 16:30:11,3,{"ongvang": 1, "borua": 1, "bonguala": 1},captures/detect_2025-05-23_16-30-11_51.jpg
52,2025-05-23 16:30:14,1,{"ongvang": 1},captures/detect_2025-05-23_16-30-14_52.jpg
53,2025-05-23 16:30:17,2,{"ongvang": 1, "borua": 1},captures/detect_2025-05-23_16-30-17_53.jpg
54,2025-05-23 16:30:20,2,{"ongvang": 1, "borua": 1},captures/detect_2025-05-23_16-30-20_54.jpg
55,2025-05-23 16:30:24,1,{"ongvang": 1},captures/detect_2025-05-23_16-30-24_55.jpg
56,2025-05-23 16:30:27,1,{"ongvang": 1},captures/detect_2025-05-23_16-30-27_56.jpg
57,2025-05-23 16:30:30,1,{"ongvang": 1},captures/detect_2025-05-23_16-30-30_57.jpg
58,2025-05-23 16:30:33,1,{"ongvang": 1},captures/detect_2025-05-23_16-30-33_58.jpg
59,2025-05-23 16:30:36,1,{"ongvang": 1},captures/detect_2025-05-23_16-30-36_59.jpg
60,2025-05-23 16:30:40,1,{"ongvang": 1},captures/detect_2025-05-23_16-30-40_60.jpg
61,2025-05-23 16:30:43,2,{"ongvang": 1, "borua": 1},captures/detect_2025-05-23_16-30-43_61.jpg
62,2025-05-23 16:30:46,1,{"ongvang": 1},captures/detect_2025-05-23_16-30-46_62.jpg
63,2025-05-23 16:30:49,2,{"ongvang": 1, "borua": 1},captures/detect_2025-05-23_16-30-49_63.jpg
64,2025-05-23 16:30:52,2,{"ongvang": 1, "borua": 1},captures/detect_2025-05-23_16-30-52_64.jpg
65,2025-05-23 16:30:56,2,{"ongvang": 1, "borua": 1},captures/detect_2025-05-23_16-30-56_65.jpg
66,2025-05-23 16:30:59,2,{"ongvang": 1, "borua": 1},captures/detect_2025-05-23_16-30-59_66.jpg
67,2025-05-23 16:31:02,1,{"ongvang": 1},captures/detect_2025-05-23_16-31-02_67.jpg
68,2025-05-23 16:31:05,1,{"ongvang": 1},captures/detect_2025-05-23_16-31-05_68.jpg
69,2025-05-23 16:31:08,1,{"ongvang": 1},captures/detect_2025-05-23_16-31-08_69.jpg
70,2025-05-23 16:31:12,1,{"ongvang": 1},captures/detect_2025-05-23_16-31-12_70.jpg
71,2025-05-23 16:31:15,1,{"ongvang": 1},captures/detect_2025-05-23_16-31-15_71.jpg
72,2025-05-23 16:31:18,1,{"ongvang": 1},captures/detect_2025-05-23_16-31-18_72.jpg
73,2025-05-23 16:31:21,2,{"ongvang": 1, "borua": 1},captures/detect_2025-05-23_16-31-21_73.jpg
74,2025-05-23 16:31:25,1,{"ongvang": 1},captures/detect_2025-05-23_16-31-25_74.jpg
75,2025-05-23 16:31:28,2,{"ongvang": 1, "borua": 1},captures/detect_2025-05-23_16-31-28_75.jpg
76,2025-05-23 16:31:31,2,{"ongvang": 1, "borua": 1},captures/detect_2025-05-23_16-31-31_76.jpg
77,2025-05-23 16:31:34,1,{"ongvang": 1},captures/detect_2025-05-23_16-31-34_77.jpg
78,2025-05-23 16:31:37,2,{"ongvang": 1, "borua": 1},captures/detect_2025-05-23_16-31-37_78.jpg
79,2025-05-23 16:31:40,3,{"ongvang": 1, "borua": 2},captures/detect_2025-05-23_16-31-40_79.jpg
80,2025-05-23 16:31:44,2,{"ongvang": 1, "borua": 1},captures/detect_2025-05-23_16-31-44_80.jpg
81,2025-05-23 16:31:47,1,{"ongvang": 1},captures/detect_2025-05-23_16-31-47_81.jpg
82,2025-05-23 16:31:50,1,{"ongvang": 1},captures/detect_2025-05-23_16-31-50_82.jpg
83,2025-05-23 16:31:53,1,{"ongvang": 1},captures/detect_2025-05-23_16-31-53_83.jpg
84,2025-05-23 16:31:56,1,{"ongvang": 1},captures/detect_2025-05-23_16-31-56_84.jpg
85,2025-05-23 16:32:00,1,{"ongvang": 1},captures/detect_2025-05-23_16-32-00_85.jpg
86,2025-05-23 16:32:03,1,{"ongvang": 1},captures/detect_2025-05-23_16-32-03_86.jpg
87,2025-05-23 16:32:06,1,{"ongvang": 1},captures/detect_2025-05-23_16-32-06_87.jpg
88,2025-05-23 16:32:10,2,{"ongvang": 1, "bonguala": 1},captures/detect_2025-05-23_16-32-10_88.jpg
89,2025-05-23 16:32:13,1,{"ongvang": 1},captures/detect_2025-05-23_16-32-13_89.jpg
90,2025-05-23 16:32:16,1,{"ongvang": 1},captures/detect_2025-05-23_16-32-16_90.jpg
91,2025-05-23 16:32:19,2,{"ongvang": 1, "bonguala": 1},captures/detect_2025-05-23_16-32-19_91.jpg
92,2025-05-23 16:32:22,2,{"ongvang": 1, "bonguala": 1},captures/detect_2025-05-23_16-32-22_92.jpg
93,2025-05-23 16:32:25,1,{"ongvang": 1},captures/detect_2025-05-23_16-32-25_93.jpg
94,2025-05-23 16:32:29,2,{"ongvang": 1, "bonguala": 1},captures/detect_2025-05-23_16-32-29_94.jpg
95,2025-05-23 16:32:32,1,{"ongvang": 1},captures/detect_2025-05-23_16-32-32_95.jpg
96,2025-05-23 16:32:35,2,{"ongvang": 1, "bonguala": 1},captures/detect_2025-05-23_16-32-35_96.jpg
97,2025-05-23 16:32:38,1,{"ongvang": 1},captures/detect_2025-05-23_16-32-38_97.jpg
98,2025-05-23 16:32:41,1,{"ongvang": 1},captures/detect_2025-05-23_16-32-41_98.jpg
99,2025-05-23 16:32:45,2,{"ongvang": 1, "bonguala": 1},captures/detect_2025-05-23_16-32-45_99.jpg
100,2025-05-23 16:32:48,0,{},captures/detect_2025-05-23_16-32-48_100.jpg
101,2025-05-23 16:32:51,0,{},captures/detect_2025-05-23_16-32-51_101.jpg
102,2025-05-23 16:32:54,2,{"bonguala": 2},captures/detect_2025-05-23_16-32-54_102.jpg
103,2025-05-23 16:32:58,2,{"bonguala": 1, "ongvang": 1},captures/detect_2025-05-23_16-32-58_103.jpg
104,2025-05-23 16:33:01,2,{"ongvang": 1, "bonguala": 1},captures/detect_2025-05-23_16-33-01_104.jpg
105,2025-05-23 16:33:04,1,{"bonguala": 1},captures/detect_2025-05-23_16-33-04_105.jpg
106,2025-05-23 16:33:07,1,{"bonguala": 1},captures/detect_2025-05-23_16-33-07_106.jpg
107,2025-05-23 16:33:10,2,{"bonguala": 2},captures/detect_2025-05-23_16-33-10_107.jpg
108,2025-05-23 16:33:13,1,{"bonguala": 1},captures/detect_2025-05-23_16-33-13_108.jpg
109,2025-05-23 16:33:17,1,{"bonguala": 1},captures/detect_2025-05-23_16-33-17_109.jpg
110,2025-05-23 16:33:20,2,{"bonguala": 2},captures/detect_2025-05-23_16-33-20_110.jpg
111,2025-05-23 16:33:23,0,{},captures/detect_2025-05-23_16-33-23_111.jpg
112,2025-05-23 16:33:26,2,{"ongvang": 1, "bonguala": 1},captures/detect_2025-05-23_16-33-26_112.jpg
113,2025-05-23 16:33:29,1,{"ongvang": 1},captures/detect_2025-05-23_16-33-29_113.jpg
114,2025-05-23 16:33:32,0,{},captures/detect_2025-05-23_16-33-32_114.jpg
115,2025-05-23 16:33:36,1,{"bonguala": 1},captures/detect_2025-05-23_16-33-36_115.jpg
116,2025-05-23 16:33:39,2,{"bonguala": 2},captures/detect_2025-05-23_16-33-39_116.jpg
117,2025-05-23 16:33:42,1,{"bonguala": 1},captures/detect_2025-05-23_16-33-42_117.jpg
118,2025-05-23 16:33:45,2,{"bonguala": 2},captures/detect_2025-05-23_16-33-45_118.jpg
119,2025-05-23 16:33:49,2,{"bonguala": 1, "ongvang": 1},captures/detect_2025-05-23_16-33-49_119.jpg
120,2025-05-23 16:33:52,2,{"bonguala": 1, "ongvang": 1},captures/detect_2025-05-23_16-33-52_120.jpg
121,2025-05-23 16:33:55,1,{"bonguala": 1},captures/detect_2025-05-23_16-33-55_121.jpg
122,2025-05-23 16:33:59,1,{"bonguala": 1},captures/detect_2025-05-23_16-33-59_122.jpg
123,2025-05-23 16:34:02,2,{"bonguala": 2},captures/detect_2025-05-23_16-34-02_123.jpg
124,2025-05-23 16:34:05,1,{"ongvang": 1},captures/detect_2025-05-23_16-34-05_124.jpg
125,2025-05-23 16:34:08,1,{"bonguala": 1},captures/detect_2025-05-23_16-34-08_125.jpg
126,2025-05-23 16:34:11,1,{"bonguala": 1},captures/detect_2025-05-23_16-34-11_126.jpg
127,2025-05-23 16:34:15,1,{"bonguala": 1},captures/detect_2025-05-23_16-34-15_127.jpg
128,2025-05-23 16:34:18,0,{},captures/detect_2025-05-23_16-34-18_128.jpg
129,2025-05-23 16:34:21,2,{"ongvang": 1, "bonguala": 1},captures/detect_2025-05-23_16-34-21_129.jpg
130,2025-05-23 16:34:24,3,{"bonguala": 2, "ongvang": 1},captures/detect_2025-05-23_16-34-24_130.jpg
131,2025-05-23 16:34:28,2,{"ongvang": 1, "bonguala": 1},captures/detect_2025-05-23_16-34-28_131.jpg
132,2025-05-23 16:34:31,1,{"bonguala": 1},captures/detect_2025-05-23_16-34-31_132.jpg
133,2025-05-23 16:34:34,1,{"bonguala": 1},captures/detect_2025-05-23_16-34-34_133.jpg
134,2025-05-23 16:34:37,2,{"ongvang": 1, "bonguala": 1},captures/detect_2025-05-23_16-34-37_134.jpg
135,2025-05-23 16:34:40,2,{"bonguala": 2},captures/detect_2025-05-23_16-34-40_135.jpg
136,2025-05-23 16:34:43,1,{"bonguala": 1},captures/detect_2025-05-23_16-34-43_136.jpg
137,2025-05-23 16:34:46,1,{"ongvang": 1},captures/detect_2025-05-23_16-34-46_137.jpg
138,2025-05-23 16:34:50,1,{"bonguala": 1},captures/detect_2025-05-23_16-34-50_138.jpg
139,2025-05-23 16:34:53,2,{"ongvang": 1, "bonguala": 1},captures/detect_2025-05-23_16-34-53_139.jpg
140,2025-05-23 16:34:56,3,{"ongvang": 1, "bonguala": 2},captures/detect_2025-05-23_16-34-56_140.jpg
141,2025-05-23 16:34:59,2,{"ongvang": 1, "bonguala": 1},captures/detect_2025-05-23_16-34-59_141.jpg
142,2025-05-23 16:35:02,1,{"ongvang": 1},captures/detect_2025-05-23_16-35-02_142.jpg
143,2025-05-23 16:35:05,2,{"ongvang": 1, "bonguala": 1},captures/detect_2025-05-23_16-35-05_143.jpg
144,2025-05-23 16:35:08,1,{"bonguala": 1},captures/detect_2025-05-23_16-35-08_144.jpg
145,2025-05-23 16:35:12,3,{"ongvang": 1, "bonguala": 2},captures/detect_2025-05-23_16-35-12_145.jpg
146,2025-05-23 16:35:15,2,{"ongvang": 1, "bonguala": 1},captures/detect_2025-05-23_16-35-15_146.jpg
147,2025-05-23 16:35:18,2,{"bonguala": 1, "ongvang": 1},captures/detect_2025-05-23_16-35-18_147.jpg
148,2025-05-23 16:35:21,3,{"bonguala": 2, "ongvang": 1},captures/detect_2025-05-23_16-35-21_148.jpg
149,2025-05-23 16:35:25,2,{"ongvang": 1, "bonguala": 1},captures/detect_2025-05-23_16-35-25_149.jpg
150,2025-05-23 16:35:28,3,{"bonguala": 2, "ongvang": 1},captures/detect_2025-05-23_16-35-28_150.jpg
151,2025-05-23 16:35:31,2,{"bonguala": 2},captures/detect_2025-05-23_16-35-31_151.jpg
152,2025-05-23 16:35:34,1,{"ongvang": 1},captures/detect_2025-05-23_16-35-34_152.jpg
153,2025-05-23 16:35:37,2,{"ongvang": 1, "bonguala": 1},captures/detect_2025-05-23_16-35-37_153.jpg
154,2025-05-23 16:35:41,1,{"bonguala": 1},captures/detect_2025-05-23_16-35-41_154.jpg
155,2025-05-23 16:35:44,2,{"ongvang": 1, "bonguala": 1},captures/detect_2025-05-23_16-35-44_155.jpg
156,2025-05-23 16:35:47,2,{"ongvang": 1, "bonguala": 1},captures/detect_2025-05-23_16-35-47_156.jpg
157,2025-05-23 16:35:50,2,{"bonguala": 1, "ongvang": 1},captures/detect_2025-05-23_16-35-50_157.jpg
158,2025-05-23 16:35:53,3,{"bonguala": 2, "ongvang": 1},captures/detect_2025-05-23_16-35-53_158.jpg
159,2025-05-23 16:35:56,3,{"bonguala": 2, "ongvang": 1},captures/detect_2025-05-23_16-35-56_159.jpg
160,2025-05-23 16:35:59,3,{"bonguala": 2, "ongvang": 1},captures/detect_2025-05-23_16-35-59_160.jpg
161,2025-05-23 16:36:03,3,{"bonguala": 2, "ongvang": 1},captures/detect_2025-05-23_16-36-03_161.jpg
162,2025-05-23 16:36:06,3,{"bonguala": 2, "ongvang": 1},captures/detect_2025-05-23_16-36-06_162.jpg
163,2025-05-23 16:36:09,2,{"bonguala": 1, "boxit": 1},captures/detect_2025-05-23_16-36-09_163.jpg
164,2025-05-23 16:36:12,2,{"ongvang": 1, "boxit": 1},captures/detect_2025-05-23_16-36-12_164.jpg
165,2025-05-23 16:36:15,2,{"ongvang": 1, "boxit": 1},captures/detect_2025-05-23_16-36-15_165.jpg
166,2025-05-23 16:36:19,1,{"ongvang": 1},captures/detect_2025-05-23_16-36-19_166.jpg
167,2025-05-23 16:36:23,2,{"ongvang": 1, "boxit": 1},captures/detect_2025-05-23_16-36-23_167.jpg
168,2025-05-23 16:36:26,2,{"ongvang": 1, "boxit": 1},captures/detect_2025-05-23_16-36-26_168.jpg
169,2025-05-23 16:36:29,3,{"ongvang": 1, "boxit": 2},captures/detect_2025-05-23_16-36-29_169.jpg
170,2025-05-23 16:36:32,3,{"ongvang": 1, "boxit": 2},captures/detect_2025-05-23_16-36-32_170.jpg
171,2025-05-23 16:36:35,2,{"ongvang": 1, "boxit": 1},captures/detect_2025-05-23_16-36-35_171.jpg
172,2025-05-23 16:36:38,3,{"ongvang": 1, "boxit": 2},captures/detect_2025-05-23_16-36-38_172.jpg
173,2025-05-23 16:36:41,2,{"ongvang": 1, "boxit": 1},captures/detect_2025-05-23_16-36-41_173.jpg
174,2025-05-23 16:36:45,3,{"ongvang": 1, "boxit": 2},captures/detect_2025-05-23_16-36-45_174.jpg
175,2025-05-23 16:36:48,2,{"ongvang": 1, "boxit": 1},captures/detect_2025-05-23_16-36-48_175.jpg
176,2025-05-23 16:36:51,2,{"ongvang": 1, "boxit": 1},captures/detect_2025-05-23_16-36-51_176.jpg
177,2025-05-23 16:36:54,2,{"ongvang": 1, "boxit": 1},captures/detect_2025-05-23_16-36-54_177.jpg
178,2025-05-23 16:36:57,2,{"ongvang": 1, "boxit": 1},captures/detect_2025-05-23_16-36-57_178.jpg
179,2025-05-23 16:37:00,2,{"ongvang": 1, "boxit": 1},captures/detect_2025-05-23_16-37-00_179.jpg
180,2025-05-23 16:37:04,2,{"ongvang": 1, "boxit": 1},captures/detect_2025-05-23_16-37-04_180.jpg
181,2025-05-23 16:37:07,3,{"ongvang": 1, "boxit": 2},captures/detect_2025-05-23_16-37-07_181.jpg
182,2025-05-23 16:37:10,2,{"ongvang": 1, "boxit": 1},captures/detect_2025-05-23_16-37-10_182.jpg
183,2025-05-23 16:37:13,2,{"ongvang": 1, "boxit": 1},captures/detect_2025-05-23_16-37-13_183.jpg
184,2025-05-23 16:37:17,3,{"ongvang": 1, "boxit": 2},captures/detect_2025-05-23_16-37-17_184.jpg
185,2025-05-23 16:37:20,3,{"ongvang": 1, "boxit": 2},captures/detect_2025-05-23_16-37-20_185.jpg
186,2025-05-23 16:37:23,2,{"ongvang": 1, "boxit": 1},captures/detect_2025-05-23_16-37-23_186.jpg
187,2025-05-23 16:37:26,2,{"ongvang": 1, "boxit": 1},captures/detect_2025-05-23_16-37-26_187.jpg
188,2025-05-23 16:37:29,3,{"ongvang": 1, "boxit": 2},captures/detect_2025-05-23_16-37-29_188.jpg
189,2025-05-23 16:37:32,3,{"ongvang": 1, "boxit": 2},captures/detect_2025-05-23_16-37-32_189.jpg
190,2025-05-23 16:37:36,2,{"ongvang": 1, "boxit": 1},captures/detect_2025-05-23_16-37-36_190.jpg
191,2025-05-23 16:37:40,2,{"ongvang": 1, "boxit": 1},captures/detect_2025-05-23_16-37-40_191.jpg
192,2025-05-23 16:37:43,2,{"ongvang": 1, "boxit": 1},captures/detect_2025-05-23_16-37-43_192.jpg
193,2025-05-23 16:37:46,3,{"ongvang": 1, "boxit": 2},captures/detect_2025-05-23_16-37-46_193.jpg
194,2025-05-23 16:37:49,2,{"ongvang": 1, "boxit": 1},captures/detect_2025-05-23_16-37-49_194.jpg
195,2025-05-23 16:37:53,2,{"ongvang": 1, "boxit": 1},captures/detect_2025-05-23_16-37-53_195.jpg
196,2025-05-23 16:37:56,3,{"ongvang": 1, "boxit": 2},captures/detect_2025-05-23_16-37-56_196.jpg
197,2025-05-23 16:37:59,3,{"ongvang": 1, "boxit": 2},captures/detect_2025-05-23_16-37-59_197.jpg
198,2025-05-23 16:38:02,2,{"ongvang": 1, "boxit": 1},captures/detect_2025-05-23_16-38-02_198.jpg
199,2025-05-23 16:38:05,2,{"ongvang": 1, "boxit": 1},captures/detect_2025-05-23_16-38-05_199.jpg
200,2025-05-23 16:38:08,2,{"ongvang": 1, "boxit": 1},captures/detect_2025-05-23_16-38-08_200.jpg
201,2025-05-23 16:38:12,2,{"ongvang": 1, "boxit": 1},captures/detect_2025-05-23_16-38-12_201.jpg
202,2025-05-23 16:38:15,2,{"ongvang": 1, "boxit": 1},captures/detect_2025-05-23_16-38-15_202.jpg
203,2025-05-23 16:38:18,2,{"ongvang": 1, "boxit": 1},captures/detect_2025-05-23_16-38-18_203.jpg
204,2025-05-23 16:38:21,2,{"ongvang": 1, "boxit": 1},captures/detect_2025-05-23_16-38-21_204.jpg
205,2025-05-23 16:38:25,2,{"ongvang": 1, "boxit": 1},captures/detect_2025-05-23_16-38-25_205.jpg
206,2025-05-23 16:38:28,2,{"ongvang": 1, "boxit": 1},captures/detect_2025-05-23_16-38-28_206.jpg
207,2025-05-23 16:38:31,1,{"bonguala": 1},captures/detect_2025-05-23_16-38-31_207.jpg
208,2025-05-23 16:38:34,0,{},captures/detect_2025-05-23_16-38-34_208.jpg
209,2025-05-23 16:38:37,0,{},captures/detect_2025-05-23_16-38-37_209.jpg
210,2025-05-23 16:38:41,0,{},captures/detect_2025-05-23_16-38-41_210.jpg
211,2025-05-23 16:38:44,0,{},captures/detect_2025-05-23_16-38-44_211.jpg
212,2025-05-23 16:38:47,0,{},captures/detect_2025-05-23_16-38-47_212.jpg
213,2025-05-23 16:38:50,0,{},captures/detect_2025-05-23_16-38-50_213.jpg
214,2025-05-23 16:38:54,0,{},captures/detect_2025-05-23_16-38-54_214.jpg
215,2025-05-23 16:38:57,0,{},captures/detect_2025-05-23_16-38-57_215.jpg
216,2025-05-23 16:39:00,0,{},captures/detect_2025-05-23_16-39-00_216.jpg
217,2025-05-23 16:39:03,0,{},captures/detect_2025-05-23_16-39-03_217.jpg
218,2025-05-23 16:39:06,0,{},captures/detect_2025-05-23_16-39-06_218.jpg
219,2025-05-23 16:39:10,0,{},captures/detect_2025-05-23_16-39-10_219.jpg
220,2025-05-23 16:39:13,0,{},captures/detect_2025-05-23_16-39-13_220.jpg
221,2025-05-23 16:39:16,0,{},captures/detect_2025-05-23_16-39-16_221.jpg
222,2025-05-23 16:39:19,0,{},captures/detect_2025-05-23_16-39-19_222.jpg
223,2025-05-23 16:39:22,0,{},captures/detect_2025-05-23_16-39-22_223.jpg
224,2025-05-23 16:39:26,0,{},captures/detect_2025-05-23_16-39-26_224.jpg
225,2025-05-23 16:39:29,0,{},captures/detect_2025-05-23_16-39-29_225.jpg
226,2025-05-23 16:39:32,0,{},captures/detect_2025-05-23_16-39-32_226.jpg
227,2025-05-23 16:39:35,0,{},captures/detect_2025-05-23_16-39-35_227.jpg
228,2025-05-23 16:39:38,0,{},captures/detect_2025-05-23_16-39-38_228.jpg
229,2025-05-23 16:39:41,0,{},captures/detect_2025-05-23_16-39-41_229.jpg
230,2025-05-23 16:39:44,0,{},captures/detect_2025-05-23_16-39-44_230.jpg
231,2025-05-23 16:39:48,0,{},captures/detect_2025-05-23_16-39-48_231.jpg
232,2025-05-23 16:39:51,0,{},captures/detect_2025-05-23_16-39-51_232.jpg
233,2025-05-23 16:39:54,0,{},captures/detect_2025-05-23_16-39-54_233.jpg
234,2025-05-23 16:39:57,0,{},captures/detect_2025-05-23_16-39-57_234.jpg
235,2025-05-23 16:40:00,0,{},captures/detect_2025-05-23_16-40-00_235.jpg
236,2025-05-23 16:40:03,0,{},captures/detect_2025-05-23_16-40-03_236.jpg
capture,2025-05-23 16:50:45,0,{},captures/detect_2025-05-23_16-50-45_capture.jpg
capture,2025-05-23 16:50:57,0,{},captures/detect_2025-05-23_16-50-57_capture.jpg
capture,2025-05-23 16:51:01,4,{"ongvang": 2, "bohungdo": 2},captures/detect_2025-05-23_16-51-01_capture.jpg
